Date,TSMC,Chain_tech,GUC,Asrock,TUL,NVDA,AMD,INTC,Bitcoin,Ethereum,Litecoin,USDX,Gold,crude_oil,SP500,TW_index
2019/7/1,247.78,30.34,230.64,59.84,76.94,166.17,31.2,48.05,10583.13,293.64,122.58,96.409,1384.02,59.09,2964.33,10895.46
2019/6/28,239.11,31.5,224.87,59.69,77.65,164.23,30.37,47.87,12407.33,311.23,120.15,95.666,1409.25,58.47,2941.76,10730.83
2019/6/27,239.56,31.95,227.62,59.7,81.27,163.23,30.74,47.46,11182.81,294.27,114.4,95.742,1409.64,59.43,2924.92,10773.9
2019/6/26,234.9,31.86,226.19,62.56,79.84,159.26,29.92,48.19,13016.23,336.75,131.27,95.728,1408.81,59.38,2913.78,10652.55
2019/6/25,239.38,31.54,225.67,62.82,78.01,151.48,28.86,46.85,11790.92,318.13,136.49,95.648,1423.19,57.83,2917.38,10706.72
2019/6/24,241.07,31.98,231.86,63.24,80.7,152.66,29.26,47.63,11011.1,310.42,135.53,95.487,1419.48,57.9,2945.35,10779.45
2019/6/21,247.81,31.15,228.31,62.37,81.69,151.76,29.1,47.46,10144.56,294.91,138.88,95.718,1399.21,57.43,2950.46,10803.77
2019/6/20,244.17,30.69,221.29,62.58,78.17,154.1,30.01,47.19,9527.16,271.7,135.48,96.138,1388.25,56.65,2954.18,10785.01
2019/6/19,242.5,30.59,215.09,62.35,76.21,153.12,30.5,47.07,9273.52,269.43,136.6,96.582,1360.11,53.76,2926.46,10775.34
2019/6/18,234.68,30.96,213.57,61.86,76.87,152.88,30.45,47.37,9081.76,265.05,135.16,97.153,1346.26,53.9,2917.75,10566.74
2019/6/17,232.98,29.32,211.33,61.26,73.02,145.03,29.2,46.13,9320.35,274.35,134.44,97.396,1339.39,51.93,2889.67,10530.54
2019/6/14,237.17,29.08,207.84,61.14,70.34,144.64,30.36,46.19,8693.83,264.09,133.05,97.57,1341.58,52.51,2886.98,10524.67
2019/6/13,241.2,28.33,208.97,60.89,71.03,148.26,31.39,46.7,8230.92,256.17,131.35,96.999,1341.97,52.28,2891.64,10561.01
2019/6/12,245.64,27.84,213.12,60.9,69.16,146.2,32.18,46.32,8145.86,260.9,135.65,96.97,1333.29,51.14,2879.84,10615.66
2019/6/11,243.54,27.77,211.2,60.63,69,150.75,32.41,46.85,7927.71,245.78,136.03,96.645,1326.19,53.27,2885.72,10607.76
2019/6/10,237.68,27.61,206.67,59.64,67.62,148.43,33.23,46.8,8000.33,247.52,129.07,96.711,1327.79,53.26,2886.73,10566.47
2019/6/6,231.12,27.86,205.06,59.4,68.43,143.78,31.82,45.1,7822.02,249.47,111.11,96.997,1335.17,52.59,2843.49,10409.2
2019/6/5,235.7,28.32,211.34,59.93,68.93,141.28,29.5,44.55,7824.23,247.05,103.85,97.251,1330.06,51.68,2826.15,10461.62
2019/6/4,235.03,28.53,215.56,59.9,69.79,143,29.57,44.79,7707.77,241.34,102.09,96.999,1325.25,53.48,2803.27,10429.12
2019/6/3,235.82,29.28,222.66,60.18,72.45,133.78,27.58,43.46,8208.99,252.61,107.47,97.06,1325.11,53.25,2744.45,10500.07
2019/5/31,235.13,28.84,227.38,60.61,71.12,135.46,27.41,44.04,8574.5,268.11,114.54,97.666,1305.2,53.5,2752.06,10498.49
2019/5/30,230.16,28.82,225.7,60.48,71.94,139.11,28.03,44.73,8319.47,255.86,108.8,98.053,1288.03,56.59,2788.86,10382.99
2019/5/29,228.92,29.73,226.57,61.17,73.5,140.34,28.09,44.23,8659.49,269.46,115.08,98.035,1279.45,58.81,2783.02,10301.78
2019/5/28,230.67,29.6,223.29,60.52,73.77,143.33,29.05,43.57,8719.96,271.77,114.93,97.842,1278.79,59.14,2802.39,10312.31
2019/5/27,232.26,28.98,216.88,59.12,69.56,NA,NA,NA,8805.78,272.86,118.03,97.477,1285,59.16,NA,10334.13
2019/5/24,231.94,28.01,215.37,58.6,68.81,145.15,26.44,44.57,7987.37,249.48,99.9,97.477,1284.67,58.63,2826.06,10328.28
2019/5/23,230.96,28.24,213.07,58.37,67.43,147.32,26.36,44.53,7881.85,245.97,89.18,97.723,1283.19,57.91,2822.24,10308.37
2019/5/22,238.89,27.68,219.51,59.13,69.64,152.2,27.41,44,7680.07,244.7,88.21,97.881,1273,61.42,2856.27,10457.22
2019/5/21,234.32,27.66,218.45,59.03,68.41,155.06,27.35,44.46,7963.33,255.22,91.51,97.896,1274.41,62.99,2864.36,10464.5
2019/5/20,240,27.39,211.48,58.61,69.43,151.75,26.68,43.56,7978.31,251.86,91.49,97.764,1277.47,63.1,2840.23,10398.41
2019/5/17,244.34,27.45,217.49,59.14,69.89,156.53,27.5,44.89,7343.9,243.76,89,97.824,1277.34,62.76,2859.53,10384.11
2019/5/16,247.96,27.83,226.93,60.23,75.01,160.19,28.01,45.53,7884.91,264.01,95.59,97.678,1286.41,62.87,2876.32,10474.61
2019/5/15,250.57,27.99,223.28,61.03,76.04,159.58,27.58,45.62,8205.17,247.15,101.74,97.376,1296.21,62.02,2850.96,10560.71
2019/5/14,248.68,28.09,214.37,59.68,74.37,162.04,27.32,45.17,7994.42,217.15,91.62,97.322,1296.7,61.78,2834.41,10519.25
2019/5/13,251.53,28.26,211.57,59,70.62,158.45,26.24,44.76,7814.92,196.85,88.06,97.12,1299.48,61.04,2811.87,10558.29
2019/5/10,256.76,27.88,204.3,59.77,67.38,168.82,27.96,46.2,6378.85,173.14,77.17,97.125,1285.78,61.66,2881.4,10712.99
2019/5/9,257.51,28.28,209.23,59.92,69.32,170.19,27.21,46.62,6174.53,170.29,74.18,97.164,1283.72,61.7,2870.72,10733.67
2019/5/8,260.6,29,213.55,60.5,67.98,173.92,27.09,49.24,5982.46,170.95,74.62,97.388,1280.53,62.12,2879.42,10923.71
2019/5/7,261.59,28.89,219.5,61.44,69,173.11,26.66,50.48,5829.5,169.8,74.69,97.399,1284.22,61.4,2884.05,10987.14
2019/5/6,258.76,29.06,216.87,61.5,69.5,179.85,27.42,51.22,5746.81,172.65,74.98,97.268,1280.78,62.25,2932.47,10897.12
2019/5/3,262.93,28.84,226,61.98,68.12,183.01,28.22,51.75,5768.29,167.95,79.33,97.26,1278.54,61.94,2945.64,11096.3
2019/5/2,260.16,28.99,223.41,62.42,66.37,183.19,28.29,50.55,5505.28,162.12,73.78,97.586,1270.04,61.81,2917.52,11004.49
2019/4/30,259.22,28.68,226.23,61.98,65.67,181,27.63,51.04,5350.73,162.17,74.28,97.201,1283.29,63.91,2945.83,10967.73
2019/4/29,259.62,28.76,227.86,62.38,66.32,179.33,27.69,51.11,5247.35,155.2,67.96,97.581,1279.55,63.5,2943.03,10939.06
2019/4/26,260.11,29.48,236.57,62.85,67.94,178.09,27.88,52.43,5279.35,156.35,73.12,97.726,1285.91,63.3,2939.88,10952.47
2019/4/25,267.96,29.85,241.96,63.66,69.84,186.91,27.66,57.61,5210.52,154.46,71.25,97.919,1276.89,65.21,2926.17,11039.86
2019/4/24,268.66,29.93,238.99,63.8,71.67,191.17,28.46,58.72,5464.87,165.83,73.31,97.855,1275.45,65.89,2927.25,11027.64
2019/4/23,267.31,30.16,238.35,63.93,70.25,190.67,27.97,58.78,5572.36,171.45,74.85,97.32,1272.15,66.3,2933.68,11025.68
2019/4/22,265.79,30.49,238.26,64.16,68.71,188.47,28.18,58.82,5399.37,171.87,76.95,96.955,1274.73,65.7,2907.97,10987.71
2019/4/19,266.51,30.58,237.78,63.8,69.63,NA,NA,NA,5303.81,173.71,82.57,NA,1275.54,NA,NA,10968.5
2019/4/18,264.52,30.77,227.61,64.6,72.3,186.3,27.68,58.49,5298.39,173.81,82.07,97.151,1275.54,64,2905.03,10962.02
2019/4/17,261.35,30.81,220.22,65.22,73.85,187.29,27.49,58.56,5251.94,166.95,79.33,96.658,1273.49,63.76,2900.45,10997.26
2019/4/16,256.32,30.69,221.1,64.25,73.75,188.21,27.93,56.71,5235.56,167.62,81.35,96.652,1276.65,64.05,2907.06,10927.85
2019/4/15,255.2,31.02,214.46,63.99,73.85,184.7,27.33,56.28,5067.11,161.57,79.05,96.556,1287.6,63.4,2905.58,10875.6
2019/4/12,251.76,31.59,213.81,63.86,71.53,190.01,27.85,56.42,5089.54,164.74,78.96,96.598,1290.26,63.89,2907.41,10805.3
2019/4/11,252.43,31.47,219.64,64.33,73.72,191.54,27.79,55.8,5064.49,165.5,79.68,96.809,1292.35,63.58,2888.32,10808.77
2019/4/10,253.31,32.19,221.81,63.61,74.65,192.1,27.83,55.75,5324.55,177.34,88.38,96.558,1307.73,64.61,2888.21,10868.14
2019/4/9,253.25,32.81,231.6,64.57,82.41,189.26,27.24,55.32,5204.96,176.11,86.79,96.611,1303.83,63.98,2878.2,10851.6
2019/4/8,251.63,33.27,229.99,65.78,83.64,191.79,28.53,55.68,5289.77,180.26,89.49,96.65,1297.17,64.4,2895.77,10800.57
2019/4/3,247.56,33.05,224.13,66.33,78.13,188.62,29.02,55.48,4973.02,161.46,84.92,96.662,1289.61,62.46,2873.4,10704.38
2019/4/2,247.19,32.01,219.55,64.31,70.89,183,26.75,54.36,4879.88,163.96,76.19,96.923,1292.25,62.58,2867.24,10690.3
2019/4/1,247.89,32.32,206.72,63.26,70.13,182.28,26.36,54.51,4158.18,141.83,60.68,96.799,1287.41,61.59,2867.19,10642.63
2019/3/29,243.95,32.89,205.92,62.82,68.97,179.56,25.52,53.7,4098.37,142.5,61.3,96.845,1292.04,60.14,2834.4,10641.04
2019/3/28,241.43,32.48,205.55,62.66,70.48,177.25,25.06,53.11,4069.11,139.42,61.17,96.764,1290.16,59.3,2815.44,10536.26
2019/3/27,241.45,32.04,202.62,63.05,68.39,176.5,24.89,53.16,4087.07,140.99,62.25,96.283,1309.36,59.41,2805.37,10542.7
2019/3/26,242.68,31.9,203.32,63.8,69.87,176.87,25.69,53.44,3985.08,135.46,59.34,96.225,1315.39,59.94,2818.46,10559.2
2019/3/25,241.93,31.84,202.14,63.59,68.78,173.78,25.97,52.78,3963.07,135.03,59.5,96.068,1321.53,58.82,2798.36,10479.48
2019/3/22,247.03,32.46,211.81,65.67,69.25,177.5,26.37,53.26,4023.97,137.18,59.82,96.151,1313.42,59.04,2800.71,10639.07
2019/3/21,243.89,32.66,212.54,66.27,70.45,183.94,27.89,54.64,4029.33,136.64,59.38,95.987,1309.18,59.98,2854.88,10609.55
2019/3/20,241.31,33.43,212.51,64.46,70.69,174.4,25.7,53.82,4087.48,140.69,60.85,95.201,1312.16,59.83,2824.23,10551.56
2019/3/19,239.17,32.09,210.06,63.2,68.57,175.71,26,54.17,4071.19,140.52,60.62,95.831,1306.23,59.03,2832.57,10512.32
2019/3/18,240.13,30.21,206.5,63.08,63.57,168.95,23.25,54.1,4032.51,139.37,60.26,96.516,1303.07,59.09,2832.94,10512.7
2019/3/15,238.3,30.17,204.32,62.62,64.01,169.81,23.29,54.33,3960.91,137.69,58.99,96.59,1302.1,58.52,2822.48,10439.24
2019/3/14,235.92,30.23,204.77,60.94,64.65,165.56,22.82,53.44,3924.37,133.71,56.58,96.769,1295.87,58.61,2808.48,10348.65
2019/3/13,235.98,30.62,206.41,60.55,65.11,168.62,23.38,54.37,3906.72,133.26,55.93,96.512,1308.91,58.26,2810.92,10373.32
2019/3/12,234.96,30.96,205.25,60.73,66.3,162.52,23.49,53.57,3909.16,134.44,57,96.899,1301.28,56.87,2791.52,10343.33
2019/3/11,228.54,31.15,204.07,60.16,66.3,161.14,22.96,53.35,3905.23,133.83,55.42,97.174,1293.12,56.79,2783.3,10250.28
2019/3/8,230,30.26,200.98,59.39,63.17,150.64,22.01,52.48,3901.13,135.13,56.1,97.269,1298.11,56.07,2743.07,10241.75
2019/3/7,233.93,30.67,202.97,61.96,65.18,149.26,22.08,52.6,3911.48,138.03,57.19,97.628,1285.23,56.66,2748.93,10311.68
2019/3/6,234.12,31.83,206.06,62.29,66.43,152.05,22.41,52.95,3903.94,138.79,55.78,96.799,1284.97,56.22,2771.45,10357.15
2019/3/5,233.38,31.96,208.5,62.09,67.88,156.52,23.5,53.68,3896.38,137.82,53.13,96.795,1287.62,56.56,2789.65,10305.26
2019/3/4,236.72,31.81,212.19,61.65,65.52,156.78,23.37,53.94,3761.56,127.77,46.43,96.61,1286.48,56.59,2792.81,10349.88
2019/2/27,238.55,32.19,210.38,61.33,64.27,155.41,23.48,53.24,3851.05,136.13,45.58,96.038,1319.57,56.94,2792.38,10389.17
2019/2/26,238.51,33.02,223.05,62.27,67.58,157.1,24.21,53.23,3854.36,138.09,45.49,95.865,1328.71,55.5,2793.9,10391.55
2019/2/25,237.67,32.54,216.62,62.95,69.2,158.69,24.71,53.1,3882.7,139.82,46.21,96.271,1327.29,55.48,2796.11,10390.93
2019/2/22,235.43,32.64,217.96,61.95,68.09,159.19,24.36,52.49,4005.53,149.09,49.81,96.367,1327.94,57.26,2792.67,10322.92
2019/2/21,235.61,32.84,221.91,62.07,69.94,155.77,23.92,51.41,3954.12,146.13,49.15,96.463,1323.45,56.96,2774.88,10319.53
2019/2/20,233.01,33.11,218.46,62.24,69.56,158.55,23.95,51.39,3999.82,149.55,51.79,96.294,1338.17,56.92,2784.7,10272.46
2019/2/19,229.5,33.29,202.09,61.77,70.07,156.64,23.95,51.4,3947.09,145.35,47.86,96.349,1340.66,56.09,2779.76,10152.26
2019/2/18,229.56,32.92,198.53,60.08,66.21,NA,NA,NA,3915.71,146.1,48.04,96.74,1325.96,56.27,NA,10145.28
2019/2/15,227.71,33.34,197.86,55.83,62.66,157.34,23.68,51.66,3620.81,122.1,42.7,96.74,1321.24,55.59,2775.6,10064.78
2019/2/14,228.05,34.08,199.42,56.04,66.52,154.53,23.13,50.81,3616.88,121.39,41.64,96.805,1312.25,54.41,2745.73,10089.01
2019/2/13,229.62,33.37,193.64,56.43,61.78,152.88,22.85,50.47,3632.07,122.55,42,96.938,1306.02,53.9,2753.03,10090.58
2019/2/12,229.75,32.41,193.81,55.62,57.14,151.17,22.82,50.01,3653.53,122.57,43.93,96.503,1310.58,53.1,2744.73,10097.74
2019/2/11,227.95,31.94,205.48,54.8,57.17,146.45,22.96,48.77,3648.43,121.3,43.18,96.857,1307.85,52.41,2709.8,10004.25
2019/1/30,220.74,32.04,200.56,54.03,57.12,137.39,23.09,47.54,3486.18,108.91,31.93,95.031,1319.14,54.23,2681.05,9932.26
2019/1/29,222.85,32.16,199.51,53.99,57.31,131.6,19.25,46.54,3448.12,105.6,31.1,95.516,1311.44,53.31,2640,9931.59
2019/1/28,228.78,33.26,205.01,53.91,58.21,138.01,20.18,46.71,3470.45,106.59,31.2,95.424,1303.07,51.99,2643.85,10013.33
2019/1/25,226.27,33.26,202.91,54.09,59.91,160.15,21.93,47.04,3599.77,116.38,32.98,95.465,1303.04,53.69,2664.76,9969.61
2019/1/24,221.98,33.14,200.37,53.52,59.25,157.84,20.85,49.76,3600.87,117.36,32.78,96.297,1280.96,53.13,2642.33,9877.12
2019/1/23,220.72,33.5,201.47,53.62,57.27,149.29,19.8,47.94,3585.12,117.45,32,95.772,1282.5,52.62,2638.7,9846.4
2019/1/22,221.42,32.89,201.04,54.16,57.56,148.77,19.76,48.27,3604.58,118.75,31.68,95.959,1284.93,52.57,2632.9,9894.66
2019/1/21,221.7,34.06,201.32,54.4,58.37,NA,NA,NA,3576.03,117.16,31.21,95.993,1280.05,54.24,NA,9889.4
2019/1/18,218.88,34.49,193.75,53.82,59.55,156.93,20.77,49.19,3657.84,121.01,31.31,95.993,1281.47,53.8,2670.71,9836.06
2019/1/17,219.53,34.78,189.53,53.48,57.83,151.72,20.25,48.47,3678.56,123.74,31.89,95.713,1291.73,52.07,2635.96,9789.15
2019/1/16,218.51,35.32,190.73,53.29,55.46,148.84,19.73,48.13,3655.01,123.55,31.82,95.677,1293.43,52.31,2616.1,9763.81
2019/1/15,218.63,35.84,187.57,52.78,53.62,149.87,20.38,48.6,3630.68,122.03,31.51,95.675,1289.23,52.11,2610.3,9806.04
2019/1/14,218.3,35.7,186.72,52.38,54.25,150.44,20.23,48.35,3706.05,129.07,32.36,95.207,1291.44,50.51,2582.61,9708.22
2019/1/11,219.72,35.74,188.21,53.15,52.6,148.83,20.27,48.93,3687.37,127.55,32.33,95.266,1287.28,51.59,2596.26,9759.4
2019/1/10,215.59,36.88,185.48,55.32,54.22,145.23,19.74,48.56,3678.92,128.63,33.87,95.12,1286.39,52.59,2596.64,9720.69
2019/1/9,214.74,37.37,188.45,55.09,55.24,142.58,20.19,48.01,4035.3,150.8,38.99,94.79,1293.25,52.36,2584.96,9738.31
2019/1/8,210.96,37.28,181.65,54.98,52.28,139.83,20.75,47.74,4030.85,150.36,39.48,95.479,1284.95,49.78,2574.41,9563.6
2019/1/7,212.67,36.25,185.37,54.11,52.85,143.4,20.57,47.44,4025.25,151.7,37.81,95.228,1289,48.52,2549.69,9590.3
2019/1/4,208.63,35.52,175.27,52.76,50.95,136.19,19,47.22,3857.72,154.58,32.4,95.75,1284.79,47.96,2531.94,9382.51
2019/1/3,215.48,37.3,191.27,53.66,54.53,127.99,17.05,44.49,3836.74,149.14,32.03,95.878,1293.97,47.09,2447.89,9492.42
2019/1/2,221.16,37.86,206.04,54.42,55.96,136.22,18.83,47.08,3943.41,155.05,33.43,96.423,1284.32,46.54,2510.03,9554.14
2018/12/28,224.24,37.77,207.06,54.23,54.89,133.65,17.82,46.75,3923.92,137.65,32.51,95.965,1280.81,45.33,2485.74,9727.41
2018/12/27,222.44,36.74,209.94,54.56,57.1,131.17,17.49,46.36,3654.83,116.58,28.29,96.001,1275.44,44.61,2488.83,9641.56
2018/12/26,217.73,36.35,207.99,54.23,59.19,133.1,17.9,46.19,3857.3,131.87,30.99,96.568,1266.85,46.22,2467.7,9478.99
2018/12/25,216.4,37.14,206.92,55.19,63.59,NA,NA,NA,3815.49,129.84,31.13,NA,1269.8,43.16,NA,9527.09
2018/12/24,220.38,37.3,212.54,55.74,59.25,127.08,16.65,43.59,4078.6,140.24,33.2,96.007,1269.02,42.53,2351.1,9639.7
2018/12/22,220.98,37.34,206.75,53.68,55.38,NA,NA,NA,4014.18,116.76,31.86,NA,NA,NA,NA,9646.16
2018/12/21,221.55,36.93,200.15,53.3,51.28,129.57,16.93,44.84,3896.54,109.5,30.8,96.455,1255.79,45.59,2416.62,9676.67
2018/12/20,221.56,36.1,200.06,52.88,47.89,135.1,17.94,45.54,4134.44,116.22,32.82,95.728,1259.59,45.88,2467.42,9674.52
2018/12/19,224.44,37.76,201.4,53.6,48.14,138.51,18.16,45.57,3745.95,101.27,29.68,96.484,1242.8,47.2,2506.96,9783.21
2018/12/18,221.78,39.43,198.46,54.23,47.07,146.94,19.5,47.74,3696.06,101.11,30.14,96.57,1249.15,46.24,2546.16,9718.82
2018/12/17,223.04,38.25,204.87,55.11,44.92,143.58,18.83,47.08,3545.86,95.13,29.27,97.175,1245.58,49.88,2545.94,9787.53
2018/12/14,221.4,35.22,201.75,55.94,45.47,146.45,19.9,47.86,3242.48,84.31,23.46,97.43,1238.17,51.2,2599.95,9774.16
2018/12/13,226.48,35.26,202.12,55.66,47.97,148.89,19.86,48.29,3313.68,86.54,23.67,97.056,1241.69,52.58,2650.54,9858.76
2018/12/12,225.29,34.83,198.48,54.06,47.84,148.9,20.48,47.83,3486.95,90.59,24.49,97.018,1245.37,51.15,2651.07,9816.45
2018/12/11,221.48,33.87,188.55,53.12,47.24,148.19,19.98,47.38,3424.59,88.95,23.8,97.358,1243,51.65,2636.78,9707.04
2018/12/10,219.02,33.27,184.27,50.79,46.94,151.86,19.99,47.21,3502.66,91.69,24.62,97.183,1244.18,51,2637.72,9647.54
2018/12/7,221.82,34.08,195.99,51.59,48.84,147.61,19.46,46.24,3419.94,93.29,25.27,96.476,1248.21,52.61,2633.08,9760.88
2018/12/6,220.33,34.99,194.44,51.53,49.31,158.29,21.3,48.37,3521.1,91.76,26.94,96.764,1237.51,51.49,2695.95,9684.72
2018/12/5,226.07,35.58,203.03,52.61,51.08,NA,NA,NA,3753.99,102.48,29.3,97.01,1237.12,52.89,NA,9916.74
2018/12/4,233.42,36.27,214.4,54.45,53.11,157.11,21.12,47.75,3956.89,110.21,31.19,96.902,1238.27,53.25,2700.06,10083.54
2018/12/3,233.41,34.51,213.02,53.63,53.4,170.04,23.71,50.13,3894.13,108.93,31.07,96.969,1230.41,52.95,2790.37,10137.87
2018/11/30,226.59,32.49,201.88,52.24,51.49,163.43,21.3,49.31,4017.27,113.17,32.06,97.196,1222.18,50.93,2760.17,9888.03
2018/11/29,230.04,32.24,197.09,52.52,52.66,157.36,21.43,47.7,4278.85,117.54,33.8,96.699,1223.93,51.45,2737.8,9885.36
2018/11/28,224.59,30.54,188.32,51.83,51.14,160.07,21.34,48.86,4257.42,122.44,34.63,96.681,1220.96,50.29,2743.79,9884.31
2018/11/27,221.55,28.29,179.13,50.89,48.17,153.73,21.05,48.07,3820.72,110.01,31.07,97.28,1214.79,51.56,2682.17,9778.62
2018/11/26,222.51,27.91,171.9,50.27,48.07,153.05,20.08,47.45,3779.13,108.34,29.41,96.979,1222.05,51.63,2673.45,9765.36
2018/11/23,219.02,26.71,170.02,49.85,47.84,145,19.38,46.54,4347.11,123.3,32.16,96.825,1222.85,50.42,2632.56,9667.3
2018/11/22,220.65,29.51,184.75,51.45,50.09,NA,NA,NA,4365.94,126.71,32.2,96.585,1226.86,54.02,NA,9714.71
2018/11/21,217.3,29.53,187.19,51.8,47.76,144.71,18.73,47.03,4602.17,136.7,34.67,96.585,1225.82,54.63,2649.93,9741.52
2018/11/20,218.79,30.42,186.01,51.82,47.91,149.08,19.21,47.39,4451.87,130.34,33.04,96.716,1221.43,53.43,2641.89,9743.99
2018/11/19,222.5,31.05,184.55,52.06,48.55,144.7,19.11,48,4871.49,149.18,36.64,96.066,1223.85,56.76,2690.73,9828.69
2018/11/16,226.92,29.83,177,51.44,47.44,164.43,20.66,48.83,5575.55,175.18,42.46,96.333,1221.19,56.46,2736.27,9797.09
2018/11/15,230.51,29.81,180.73,51.28,47.93,202.39,21.49,48.11,5648.03,180.81,43.95,96.791,1213.08,56.46,2730.2,9826.46
2018/11/14,229.56,30.11,187.75,51.14,49.38,197.19,20.81,47.09,5738.35,181.4,43.61,96.659,1210.63,56.25,2701.58,9791.88
2018/11/13,226.4,29.53,182.67,50.5,47.42,199.31,19.61,47.39,6359.49,206.83,49.7,97.144,1201.93,55.69,2722.18,9775.84
2018/11/12,232.86,29.88,186.37,51,47.77,189.54,19.03,46.65,6371.27,210.42,50.65,97.382,1200.19,59.93,2726.22,9831.21
2018/11/9,232.3,30.33,188.66,50.25,49.09,205.67,21.03,48.11,6385.62,210.07,51.9,96.734,1209.63,60.19,2781.01,9830.01
2018/11/8,236.62,31.38,195.72,51.27,51.41,205.99,21.2,48.99,6453.72,212.23,52.37,96.55,1223.35,60.67,2806.83,9945.31
2018/11/7,234.35,30.94,188.06,50.14,47.98,213.79,21.84,48.72,6530.14,217.18,54.19,95.807,1226.19,61.67,2813.89,9908.35
2018/11/6,234.13,30.38,191.63,49.46,48.48,211.06,20.68,47.25,6461.01,218.45,55.95,96.117,1226.67,62.21,2755.45,9824.95
2018/11/5,234.12,31.11,207.72,49.67,49.57,211.77,19.9,47.97,6419.66,209.09,53.55,96.083,1231.25,63.1,2738.31,9889.81
2018/11/2,235.49,31.47,222.79,50.11,50.6,214.92,20.23,47.11,6388.44,200.64,51.33,96.343,1232.58,63.14,2723.06,9906.59
2018/11/1,235.43,31.92,220.83,49.55,46.25,218.11,20.22,48.22,6377.78,198.87,50.27,96.081,1233.16,63.69,2740.37,9844.74
2018/10/31,231,30.43,205.02,47.86,42.45,210.83,18.21,46.88,6317.61,197.38,49.44,96.901,1214.43,65.31,2711.74,9802.13
2018/10/30,223.04,29.7,190.59,46.58,40.94,203,17.2,47.76,6334.27,197.56,49.24,96.791,1222.74,66.18,2682.63,9526.11
2018/10/29,222.47,29.15,187.55,46.75,41.51,185.62,16.85,45.4,6332.63,197.25,49.07,96.35,1229.25,67.04,2641.25,9516.32
2018/10/26,220.84,30.15,194.65,46.92,43.28,198.29,17.63,45.69,6474.75,203.33,52.1,96.128,1232.98,67.59,2658.69,9489.18
2018/10/25,220.37,31.07,195.82,47.5,44.8,207.84,19.27,44.31,6476.29,202.72,52.23,96.455,1231.91,67.33,2705.57,9520.79
2018/10/24,229.25,31.67,204.38,48.73,48.79,199.41,22.79,42.42,6495.84,203.85,52.52,96.182,1233.47,66.82,2656.1,9759.4
2018/10/23,232.29,32.21,206.31,49.13,49,221.06,25.09,44.5,6475.74,204.34,52.54,95.713,1230.09,66.43,2740.69,9775.2
2018/10/22,234.75,32.71,213.12,49.87,50.14,231.22,25.03,45.01,6487.16,204.04,52.2,95.749,1221.88,69.17,2755.88,9974.28
2018/10/19,233.65,32.3,202.15,49.01,48.56,229.17,23.66,44,6465.41,203.73,53.02,95.443,1226.08,69.12,2767.78,9919.26
2018/10/18,237.03,34.94,215.02,50.03,51.23,239.53,26.62,44.97,6476.71,203.35,52.53,95.638,1225.52,68.65,2768.78,9953.73
2018/10/17,240.6,35.62,226.11,50.4,52.83,243.06,27.3,45.89,6544.43,207.08,53.67,95.297,1222.09,69.75,2809.21,9979.14
2018/10/16,233.99,36.46,220.1,50.12,53.43,245.83,28.18,45.94,6596.11,210.12,54.07,94.748,1224.77,71.92,2809.92,9981.1
2018/10/15,231.69,34.72,210.05,49.01,50.44,235.38,26.26,44.53,6596.54,209.7,54.88,94.754,1226.94,71.78,2750.79,9901.12
2018/10/12,232.37,34.28,199.14,47.71,49.78,246.54,26.34,44.88,6274.58,196.73,53.55,94.911,1217.59,71.34,2767.13,10045.81
2018/10/11,230.29,34.15,203.5,47.85,48.84,235.13,25.3,44.23,6256.24,189.5,51.23,94.706,1223.87,70.97,2728.37,9806.11
2018/10/9,243.72,37.93,232.22,52.58,54.65,265.54,27.24,46.55,6642.64,227.98,58.71,95.346,1189.51,74.96,2880.34,10466.83
2018/10/8,243.25,38.87,241.09,52.4,56.51,265.77,26.46,47.03,6652.23,229.26,59.41,95.436,1187.85,74.29,2884.43,10455.93
2018/10/5,250.06,38.36,251.58,52.23,60.18,269.86,27.35,47.03,6622.48,227.6,58.77,95.305,1202.67,74.34,2885.57,10517.12
2018/10/4,254.94,38.68,265.41,54.61,63.85,279.29,27.78,48.13,6576.69,222.22,58.28,95.412,1199.6,74.33,2901.61,10718.91
2018/10/3,258.73,38.84,265.26,55.69,66.48,286.73,28.43,48.76,6502.59,220.49,57.48,95.406,1197.14,76.41,2925.51,10863.94
2018/10/2,258.56,41.24,271.96,56.69,68.26,286.48,29.02,48.1,6556.1,227.18,59.71,95.14,1203.08,75.23,2923.43,10919.63
2018/10/1,262.5,40.91,273.76,56.77,69.3,289.36,31.42,46.45,6589.62,230.77,60.21,94.929,1188.7,75.3,2924.59,11051.8
2018/9/28,262.64,41.09,276.76,56.33,72.08,281.02,30.89,47.29,6644.13,222.4,61.9,94.737,1192.16,73.25,2913.98,11006.34
2018/9/27,264.6,42.62,281.97,55.46,70.08,267.4,32.59,45.88,6676.75,228.49,62.98,94.524,1182.58,72.12,2914,11034.19
2018/9/26,262.45,45.32,292.68,55.73,68.62,266.92,32.19,45.7,6495,215.85,57.4,93.773,1194.24,71.57,2905.97,10974.19
2018/9/25,262.35,43.22,293.08,53.77,65.8,268.41,32.57,45.91,6446.47,218.51,57.54,93.711,1200.99,72.28,2915.56,10978.85
2018/9/21,260.55,44.23,283.81,53.26,66.53,263.45,31.02,46.66,6734.95,246.58,60.72,93.798,1198.87,70.78,2929.67,10972.41
2018/9/20,259.3,43.75,282.97,52.54,64.13,266.28,31.18,47.2,6519.67,224.59,56.63,93.491,1206.9,70.8,2930.75,10831.41
2018/9/19,258.29,44.49,292.04,53.14,65.41,271.98,31.21,46.15,6398.54,209.97,54.33,94.119,1203.79,71.12,2907.95,10857.27
2018/9/18,255.13,44.7,298.37,52.59,67.35,271.02,31.93,46.1,6371.3,209.98,54.1,94.227,1198.13,69.85,2904.31,10760.21
2018/9/17,258.91,44.62,307,52.95,72.2,273.93,32.43,45.42,6281.2,197.88,52.54,94.486,1201.24,68.91,2888.8,10828.61
2018/9/14,259.26,48.57,302.76,52.38,72.53,276.43,32.72,45.54,6512.71,211.75,56.58,94.925,1193.37,68.99,2904.98,10868.14
2018/9/13,256.12,48.7,294.92,51.44,71.92,271.34,30.48,45.57,6517.31,211.35,54.54,94.517,1201.28,68.59,2904.18,10727.23
2018/9/12,259.99,48.29,303.31,51.42,73.41,268.2,32.21,44.93,6351.8,183.33,51.66,94.768,1205.83,70.37,2888.92,10722.57
2018/9/11,260.32,49.76,318.51,51.94,73.91,272.8,30.1,44.93,6321.2,185.07,52.37,95.225,1198.37,69.25,2887.89,10752.3
2018/9/10,265.23,52.58,330.46,53.58,73.87,274.73,29.89,46.3,6329.7,197.08,54.6,95.11,1195.64,67.54,2877.13,10725.8
2018/9/7,262.66,50.99,334.72,58.76,77.99,271.86,27.38,46.45,6467.07,217.2,56.2,95.329,1195.15,67.75,2871.68,10846.99
2018/9/6,263.13,52,331.1,60.83,82.21,272.72,27.84,47.26,6529.17,230.22,57.49,94.988,1199.76,67.77,2878.05,10924.3
2018/9/5,262.46,52.15,325.58,62.54,89.75,278.42,28.51,47.72,6792.83,232.33,58.44,95.124,1196.46,68.72,2888.6,10995.13
2018/9/4,257.01,48.61,306.35,61.56,89.32,283.7,28.06,47.96,7361.66,285.72,67.71,95.38,1191.31,69.87,2896.72,11021.38
2018/9/3,257.93,49.83,306.28,61.98,90.1,NA,NA,NA,7260.06,289.26,65.37,95.083,1201.1,70.12,NA,10964.22
2018/8/31,256.01,49.38,308.2,62.52,90.97,280.68,25.17,48.43,7037.58,283,61.93,95.083,1201.19,69.8,2901.52,11063.94
2018/8/30,264.42,49.37,310.39,62.4,90.46,277.81,24.89,48.24,6978.23,284.11,60.32,94.679,1199.68,70.25,2901.13,11093.75
2018/8/29,256.53,46.9,311.31,63.57,87.87,278.49,25.2,48.75,7047.16,289.31,61.77,94.522,1206.38,69.51,2914.04,11099.57
2018/8/28,249.33,45.02,305.07,61.35,82.76,274.38,25.05,48.57,7096.28,296.5,63.02,94.635,1200.89,68.53,2897.52,10989.55
2018/8/27,245.57,43.78,290.21,60.74,80.92,275.9,25.26,48.35,6884.64,285.6,60.25,94.684,1211.08,68.87,2896.74,10902.21
2018/8/24,244.25,44.62,285.03,60.35,79.85,272.22,23.98,47.66,6719.96,282.97,57.93,95.063,1205.82,68.72,2874.69,10809.35
2018/8/23,243.99,42.68,293.57,61.44,82.49,266.84,22.29,46.98,6534.88,277.1,57.54,95.583,1185.3,67.83,2856.98,10863.13
2018/8/22,241.59,41.84,291.42,62.05,82.85,262.82,20.9,47.05,6376.71,271.34,55.32,95.051,1195.48,67.86,2861.82,10804.2
2018/8/21,239.94,40.28,288.63,61.8,79.29,253.32,20.4,47.62,6488.76,281.94,56.35,95.15,1195.64,67.35,2862.96,10792.2
2018/8/20,239.13,38.29,278.08,65.99,83.77,247.84,19.98,46.5,6308.53,274.32,54,95.789,1190.28,66.43,2857.05,10699.05
2018/8/17,239.75,37.98,278.97,66.55,86.2,244.82,19.77,47.1,6580.63,315.73,61.51,95.981,1184.79,65.91,2850.13,10690.96
2018/8/16,239.47,36.71,279.37,65.98,88.38,257.44,19.33,47.17,6334.73,288.05,55.36,96.536,1173.93,65.46,2840.69,10683.9
2018/8/15,241.32,35.88,287.97,66.46,90.11,259.08,19.7,47.46,6308.52,282.36,54.5,96.577,1174.78,65.01,2818.37,10716.75
2018/8/14,243.74,35.17,293.31,67.15,99.71,261.43,20.02,48.12,6199.71,278.93,54.56,96.605,1193.97,67.04,2839.96,10824.23
2018/8/13,240.6,34.43,287.86,66.81,107.5,256.12,19.73,48.45,6297.57,286.5,56.85,96.251,1193.46,67.2,2821.93,10748.92
2018/8/10,245.66,34.17,304.88,69.7,137.03,254.79,19.06,48.85,6184.71,334.18,59.39,96.218,1211.44,67.63,2833.28,10983.68
2018/8/9,247.26,31.63,307.15,70.03,138.49,256.46,19.1,50.14,6568.23,365.59,63.98,95.355,1212.22,66.81,2853.58,11028.07
2018/8/8,246.55,32.13,312.38,70.7,138.23,258.42,19.58,49.96,6305.8,356.61,62.49,94.89,1213.64,66.94,2857.7,11075.25
2018/8/7,243.21,32.45,308.85,70.85,136.1,256.95,19.56,49.7,6753.12,380.22,68.17,95.046,1210.81,69.17,2858.45,10983.44
2018/8/6,245.36,33.21,323.81,69.28,135.27,254.03,19.43,49.3,6951.8,406.66,73.89,95.187,1207.45,69.01,2850.4,11024.1
2018/8/3,246.6,33.22,346.49,68.33,143.2,252.1,18.49,49.63,7434.39,418.26,77.54,94.961,1213.47,68.49,2840.35,11012.43
2018/8/2,246.4,32.55,351.68,68.59,146.12,250.62,18.79,49.48,7567.15,412.62,76.14,94.987,1207.69,68.96,2827.22,10929.77
2018/8/1,247.69,33.67,351.85,68.98,144.62,246.47,18.48,48.81,7624.91,420.75,77.86,94.428,1215.82,67.66,2813.36,11098.13
2018/7/31,245.1,33.33,321.97,68.53,144.34,244.86,18.33,48.1,7780.44,433.87,79.7,94.275,1223.95,68.76,2816.29,11057.51
2018/7/30,244.95,33.71,311.4,68.73,146.99,244.13,19.42,47.69,8180.48,457.08,82.85,94.111,1221.5,70.13,2802.6,11033.54
2018/7/27,243.48,32.49,328.27,68.56,146.08,252.02,18.94,47.68,8165.01,469.67,84.46,94.46,1223.07,68.69,2818.82,11075.78
2018/7/26,240.96,32.11,321.51,70.44,151.3,254.84,18.35,52.16,7951.58,464.04,84.03,94.544,1222.33,69.61,2837.44,11010.61
2018/7/25,240.31,32.66,320.81,69.55,149.24,251.87,16.05,52.43,8181.39,472.49,86.28,94.129,1231.42,69.3,2846.07,10965.79
2018/7/24,240.27,31.39,320.69,64.87,138.08,248.71,16.19,52.18,8424.27,479.37,89.29,94.388,1224.35,68.52,2820.4,10995.39
2018/7/23,241.47,31.34,313.14,65.13,132.78,249.41,16.66,52.31,7711.11,450.85,82.43,94.44,1224.29,67.89,2806.98,10946.89
2018/7/20,235.09,31.24,324.5,65.57,134.73,250.89,16.5,51.91,7354.13,450.7,82.75,94.226,1231.78,70.46,2801.83,10932.11
2018/7/19,225.82,31.97,320.89,66.21,139.59,252.03,16.71,51.98,7466.86,469.62,86.67,94.942,1222.76,69.46,2804.49,10835.38
2018/7/18,223.16,31.87,316.34,66.45,136.92,251.7,16.85,51.72,7370.78,480.51,86.96,94.811,1226.95,68.76,2815.62,10842.46
2018/7/17,221.82,32.2,307.81,66.76,129.6,253.69,16.87,51.75,7321.04,501,89.81,94.704,1227.48,68.08,2809.55,10778.99
2018/7/16,224.27,31.32,293.66,65.03,120.63,248.2,16.58,52.01,6741.75,480.66,84.6,94.272,1240.72,68.06,2798.43,10817.45
2018/7/13,223.54,31.25,292.08,65.18,122.32,249.32,16.27,52.22,6238.05,434.03,76.94,94.5,1241.26,71.01,2801.31,10864.54
2018/7/12,220.39,30.37,281.73,64.8,120.54,251.23,16.56,52.35,6228.81,430.07,76.81,94.564,1247.16,70.33,2798.29,10738.38
2018/7/11,219.37,29.9,272.74,64,118.7,247.53,16.27,51.2,6394.71,446.52,78.7,94.486,1241.79,70.38,2774.02,10676.84
2018/7/10,222.72,30.06,268.02,64.25,116.79,253.25,16.55,52.16,6329.95,434.42,76.08,93.889,1255.26,74.11,2793.84,10756.89
2018/7/9,221.08,29.41,269.88,64.77,123.47,249.25,16.61,51.86,6741.75,476.68,80.86,93.807,1257.42,73.85,2784.17,10720.28
2018/7/6,216.27,28.91,273.66,65.19,126.41,247.33,16.36,51.37,6673.5,474.01,83.38,93.769,1255,73.8,2759.82,10608.57
2018/7/5,214.25,29.73,273.72,66.68,129.77,242.73,15.5,50.75,6639.14,474.41,83.76,94.223,1257.69,72.94,2736.61,10611.81
2018/7/4,216.48,30.98,277.96,68.19,121.73,NA,NA,NA,6597.55,467.32,85.49,94.412,1257.7,74.13,NA,10721.87
2018/7/3,215.37,29.05,274.8,65.22,113.54,236.84,15,49.47,6529.59,464.2,85.1,94.412,1252.49,74.14,2713.22,10715.72
2018/7/2,216.65,29.29,274.9,65.64,115.79,242.24,15.16,50.2,6614.18,475.35,85.26,94.779,1241.9,73.94,2726.71,10777.94
2018/6/29,214.93,29.62,272.56,66.32,116.01,236.9,14.99,49.71,6218.3,436.01,78.77,94.349,1252.91,74.15,2718.37,10836.91
2018/6/28,212.05,29.87,276.21,65.53,119.19,240.86,15.31,49.25,5903.44,422.36,74.93,95.096,1248.09,73.45,2716.31,10654.28
2018/6/27,213.93,29.47,285.88,65.92,125.17,235.72,14.97,48.76,6157.13,442.36,80.66,94.969,1252.2,72.76,2699.63,10701.03
2018/6/26,214.54,29.31,279.74,64.97,117.75,241.99,15.5,49.67,6093.67,432.77,76.87,94.346,1258.82,70.53,2723.06,10742.17
2018/6/25,219.12,28.6,299.86,66.03,122.03,239.12,15.11,50.71,6249.18,460.31,81.83,93.939,1265.4,68.08,2717.07,10786.46
2018/6/22,226.06,29.94,305.34,68.89,131.56,250.95,15.8,52.5,6083.69,465.82,85.08,94.18,1269.38,68.58,2754.88,10899.28
2018/6/21,226.56,30.41,302.45,70.44,137.25,257.11,15.65,52.19,6729.74,527.37,96.93,94.404,1266.81,65.54,2749.76,10941.07
2018/6/20,225.39,30.54,300,72,146.65,262.31,16.52,53.46,6776.55,536.27,97.99,94.716,1267.66,66.22,2767.32,10927.44
2018/6/19,224.96,30.22,308.36,72.65,151.12,260.17,16.69,52.93,6769.94,537.96,98.84,94.729,1274.46,65.07,2762.59,10904.19
2018/6/15,228.07,30.86,295.13,73.58,149.76,265.26,16.34,55.11,6456.58,491,96.68,94.782,1279.37,65.06,2779.66,11087.47
2018/6/14,228.07,30.41,284.37,73.51,145.76,266.91,16.25,55.54,6675.35,519.74,101.15,94.776,1302.09,66.89,2782.49,11013.98
2018/6/13,230.37,30.74,289.63,74.96,154.36,262.4,16.32,55.03,6349.9,477.49,94.08,93.699,1299.14,66.64,2775.63,11173.21
2018/6/12,226.48,31.42,291.3,75.2,160.91,262.58,15.85,54.82,6582.36,496.84,100.75,93.801,1295.79,66.36,2786.85,11144.79
2018/6/11,226.09,30.55,299.21,77.92,166.98,260.62,15.73,54.52,6906.92,533.28,107.52,93.56,1300.27,66.1,2782,11149.23
2018/6/8,227.06,33.03,313.67,82.93,167.13,262.28,15.25,55.05,7624.92,601.08,120.08,93.537,1299.16,65.74,2779.03,11156.42
2018/6/7,229.82,34.41,311.14,80.39,164.89,262.9,14.89,55.88,7678.24,605.19,121.43,93.376,1297.05,65.95,2770.37,11251.75
2018/6/6,229.17,33.02,308.14,80.79,167.66,265.15,15.67,57.03,7653.98,607.12,121.18,93.634,1296.23,64.73,2772.35,11201.83
2018/6/5,228.37,33.34,295.65,79.98,162.93,265.07,14.85,56.53,7633.76,609.3,121.7,93.871,1296.15,65.52,2748.8,11100.11
2018/6/4,228.17,32.18,278.77,80.01,155.52,264.85,14.85,56.83,7514.47,592.98,119.9,93.986,1291.88,64.75,2746.87,11109.5
2018/6/1,223.98,32.89,261.73,78.89,150.3,257.62,14.4,57.08,7541.45,580.04,119.92,94.169,1293.42,65.81,2734.62,10949.08
2018/5/31,223.15,32.4,254.66,79.38,152.24,252.19,13.73,55.2,7494.17,577.65,118.07,93.959,1298.29,67.04,2705.27,10874.96
2018/5/30,221.42,33.88,254.88,78.95,140.27,252.99,13.82,55.68,7406.52,559.59,117.53,94.115,1301.12,68.21,2724.01,10821.17
2018/5/29,224.37,32.5,261.34,78.24,141.09,248.59,13.36,55.32,7472.59,565.39,119.57,94.789,1298.55,66.73,2689.86,10964.12
2018/5/28,227.47,33.13,271.68,79.11,146.07,NA,NA,NA,7135.99,516.04,111.6,94.13,1298.06,67.05,NA,10987.77
2018/5/25,228.67,35.04,273.09,75.39,144.59,249.28,13.54,55.44,7480.14,586.73,119.44,94.13,1301.33,67.88,2721.33,10942.3
2018/5/24,229.18,34.59,270.74,73.94,141.72,247.69,13.41,54.75,7587.34,601.76,122.61,93.701,1304.37,70.71,2727.76,10936.93
2018/5/23,229.87,34.53,261.09,74.07,150.5,247.54,13.1,55.21,7557.82,583.59,119.31,93.918,1293.2,71.84,2733.29,10886.18
2018/5/22,230.83,34.37,266.67,77.09,171.39,242.7,12.98,54.45,8041.78,647.74,128.68,93.526,1290.98,72.13,2724.44,10938.73
2018/5/21,228.5,31.62,264.07,76.04,167.02,244.24,12.99,54.32,8418.99,699.22,134.51,93.581,1292.29,72.24,2733.01,10966.2
2018/5/18,224.48,30.88,261.25,75.42,161.4,245.94,13,53.5,8250.97,694.37,136.06,93.544,1292.24,71.28,2712.97,10830.84
2018/5/17,228.23,30.85,267.89,76.06,159.71,247.71,12.82,54.81,8094.32,672.66,132.77,93.375,1290.59,71.49,2720.13,10833.81
2018/5/16,229.79,32.22,267.94,79.07,165.11,246.01,12.82,54.64,8368.83,707.05,139.27,93.281,1290.47,71.49,2722.46,10897.57
2018/5/15,231.09,29.7,282.47,80.34,156.18,245.56,12.45,53.92,8510.38,708.87,139.88,93.093,1290.37,71.31,2711.45,10874.73
2018/5/14,233.39,27.07,283.48,78.93,154.22,255.36,12.23,54.9,8716.79,730.55,147.71,92.462,1313.36,70.96,2730.13,10952.39
2018/5/11,232.57,27.96,283.51,79.03,164.33,254.53,11.95,54.67,8441.49,679.59,137.12,92.411,1318.09,70.7,2727.72,10858.98
2018/5/10,230.19,28.17,283.45,80.7,184.17,260.13,12.13,54.98,9043.94,727.28,149.87,92.516,1321.38,71.36,2723.07,10760.21
2018/5/9,230.04,27.87,281.06,79.52,171.01,255.78,11.95,54.34,9325.18,752.28,157.05,92.884,1312.44,71.14,2697.79,10703.35
2018/5/8,226.82,26.25,278.23,76.02,168.23,250.4,11.61,53.63,9234.82,752.86,159.62,92.958,1314.24,69.06,2671.92,10691.38
2018/5/7,223.54,26.22,277.97,75,164.97,248.68,11.59,53.33,9373.01,753.72,164.88,92.592,1313.96,70.73,2672.63,10604.91
2018/5/4,222.3,26.23,264.45,75.16,162.12,239.06,11.28,52.78,9700.76,785.62,168.79,92.408,1315.04,69.72,2663.42,10529.37
2018/5/3,220.84,26.06,267.57,74.61,146.03,232.99,10.93,52.28,9743.86,779.54,161.46,92.251,1311.93,68.43,2629.73,10514.18
2018/5/2,224.61,26.1,277.35,78.61,160.22,226.31,10.97,52.31,9235.92,687.15,151.58,92.339,1304.82,67.93,2635.67,10618.81
2018/4/30,226.24,26.66,267.29,78.58,184.52,224.9,10.88,51.62,9240.55,669.92,148.48,91.63,1315.13,68.57,2648.05,10657.88
2018/4/27,222.95,26.56,250.98,79.06,188.46,226.33,11.11,52.73,8987.05,647.03,145.9,91.343,1323.11,68.1,2669.91,10553.43
2018/4/26,223.47,25.79,246.39,75.93,177.38,225.22,11.04,53.05,9281.51,662.81,153.68,91.365,1316.68,68.19,2666.94,10488.58
2018/4/25,225.26,26.08,233.94,77.07,162.27,216.66,9.71,51.38,8845.74,615.42,144.76,90.953,1322.91,68.05,2639.4,10559.97
2018/4/24,226.38,25.7,242.84,79.31,172.36,221.2,10.09,51.45,9697.5,708.16,165.78,90.537,1330.15,67.7,2634.56,10579.5
2018/4/23,226.45,25.71,248.38,81.6,177.51,223.88,10.04,51.1,8930.88,642.55,152.25,90.705,1324.69,68.64,2670.29,10697.13
2018/4/20,229.71,24.66,249.51,81.02,190.5,228.71,9.99,51.53,8845.83,615.72,155.54,90.075,1335.59,68.38,2670.14,10779.38
2018/4/19,243.19,25.44,265.78,83.83,236.45,229.04,10.11,52.22,8294.31,567.89,146.3,89.695,1345.34,68.29,2693.13,10971.22
2018/4/18,238.31,25.43,282.72,81.83,237.38,236.37,10.36,53.61,8163.42,524.79,140,89.347,1349.31,68.47,2708.64,10847.89
2018/4/17,239.32,23.85,305.59,83.73,257.66,237.54,10.52,53.54,7902.09,502.89,132.93,89.228,1347.25,66.52,2706.39,10810.45
2018/4/16,243.03,25.27,315.5,83.88,282.67,231.49,10.09,52.4,8058.67,511.15,128.34,89.135,1345.6,66.22,2677.84,10954.55
2018/4/13,244.95,27.71,307.15,87.86,330.51,231.5,9.93,51.86,7895.96,492.73,125.35,89.503,1345.22,67.39,2656.3,10965.39
2018/4/12,245.56,29.61,301.6,87.13,363.02,234.6,10.08,52.72,7889.25,492.94,129.34,89.456,1334.68,67.07,2663.99,10955.29
2018/4/11,247.59,29.73,310.68,87.74,381.64,226.24,9.82,51.1,6968.32,430.54,118.29,89.253,1353.16,66.82,2642.19,10974.02
2018/4/10,246.62,30.74,312.89,87.67,400.25,227.91,9.98,51.27,6834.76,414.24,114.26,89.28,1339.29,65.51,2656.87,10927.18
2018/4/9,245.78,30.54,308.14,90.72,409.41,215.41,9.53,49.55,6770.73,398.53,114.99,89.534,1336.08,63.42,2613.16,10893.53
2018/4/3,243.21,31.1,302.74,92.9,403.6,225.35,9.55,49.75,7456.11,416.89,134.47,89.859,1332.62,63.51,2614.45,10821.53
2018/4/2,247.13,32.59,310.84,96.08,381.32,221.05,9.53,48.92,7083.8,386.42,119.31,89.706,1341.09,63.01,2581.88,10888.27
2018/3/31,247.97,30.98,317.15,92.69,344.12,NA,NA,NA,6973.53,396.46,116.61,NA,NA,NA,NA,10919.49
2018/3/30,247.86,29.85,317.79,91.07,339.68,NA,NA,NA,6890.52,394.64,118.6,NA,1325.03,NA,NA,10906.22
2018/3/29,244,30.5,321.76,93.43,358.04,231.59,10.05,52.08,7165.7,385.97,114.68,89.812,1325.24,64.94,2640.87,10845.92
2018/3/28,245.6,30.25,327.76,94.11,352.01,221.35,9.81,49.6,7954.48,446.28,131.75,89.719,1324.87,64.38,2605,10865.66
2018/3/27,248.62,30.57,334.38,97.06,383.46,225.52,10,51.19,7833.04,450.12,135.78,88.983,1344.81,65.25,2612.62,10986.79
2018/3/26,242.68,30.37,327.33,99.04,395.68,244.48,10.44,52.48,8209.4,489.95,149.22,88.604,1353.15,65.55,2658.55,10840.05
2018/3/23,245.3,31.6,328.07,94.53,369.64,232.97,10.63,49.36,8879.62,539.62,167.83,89.033,1347.03,65.88,2588.26,10823.33
2018/3/22,251.74,32.86,343.47,94.97,354.95,241.85,10.91,50.83,8728.47,539.7,163.67,89.473,1328.85,64.3,2643.69,11005.84
2018/3/21,252.45,37.52,336.37,99.43,348.49,248.56,11.26,51.56,8929.28,561.73,169.05,89.369,1332.16,65.17,2711.93,11011.07
2018/3/20,252.54,35.21,325.5,100.2,326.5,249.58,11.11,51.55,8913.47,557.17,168.82,89.954,1311.13,63.4,2716.94,11010.84
2018/3/19,253.09,31.54,328.42,98.12,289.77,241,11.43,50.83,8630.65,556.73,161.14,89.983,1316.67,62.06,2712.92,11046.9
2018/3/16,252.91,30.06,326.14,94.23,268.89,250.48,11.47,51.17,8338.35,601.67,165.45,90.212,1313.92,62.34,2752.01,11027.7
2018/3/15,256,30.49,327.62,89.99,281.75,249.34,11.46,50.88,8300.86,611.3,164.48,90.126,1316.11,61.19,2747.33,11018.45
2018/3/14,256.48,30.37,332.08,89.61,281.85,248.74,11.36,51.86,8269.81,614.29,161.1,89.687,1324.6,60.96,2749.48,11038.8
2018/3/13,257.31,30.5,332.75,88.99,256.85,247.71,11.64,51.78,9194.85,690.83,175.78,89.643,1326.18,60.71,2765.31,11095.63
2018/3/12,253.8,29.2,332.13,86.99,247.5,249.76,11.52,51.52,9205.12,699.83,178.23,89.867,1322.82,61.36,2783.02,11002.1
2018/3/9,250.07,31.6,340.42,93.99,270.11,245.33,11.7,52.19,9337.55,728.92,187.17,90.065,1323.14,62.04,2786.57,10864.82
2018/3/8,250.55,34.13,338,95.03,291.22,241.18,11.97,50.74,9395.01,704.6,176.51,90.156,1321.83,60.12,2738.97,10823.24
2018/3/7,247.62,37.06,333.63,95.51,322.25,241.84,12.24,51.32,9965.57,752.83,185.84,89.607,1325.34,61.15,2726.8,10745.32
2018/3/6,247.82,35.39,330.7,90.77,304.24,242.16,11.76,50.71,10779.9,816.95,196.6,89.59,1334.41,62.6,2728.12,10784.34
2018/3/5,241.69,36.3,321.34,91.08,322.34,235.65,11.91,49.75,11573.3,853.68,211.18,90.041,1319.9,62.57,2720.94,10642.9
2018/3/2,239.56,35.21,316.67,85.36,286.74,236.54,11.81,48.98,11086.4,856.85,212.56,89.906,1322.57,61.25,2691.25,10698.17
2018/3/1,243.32,34.51,306.06,84.45,284.99,232.21,11.9,47.84,10951,872.2,209.75,90.281,1316.75,60.99,2677.67,10785.79
2018/2/27,247.48,30.56,310.48,79.82,293.51,246.06,12.53,49.91,10725.6,878.27,216.6,90.28,1318.08,63.01,2744.28,10815.47
2018/2/26,246.38,30.2,312.98,81.28,286,246.58,12.42,49.11,10366.7,869.32,220.96,89.79,1333.18,63.91,2779.6,10836.7
2018/2/23,243.78,27.8,321.55,75.5,260,245.93,12.07,47.73,10301.1,864.19,209.31,89.808,1328.71,63.55,2747.3,10794.55
2018/2/22,241.3,25.07,307.35,69.69,231.95,242.15,11.84,45.8,10005,812.84,195.31,89.656,1331.86,62.77,2703.96,10662.38
2018/2/21,243.24,22.74,293.26,69.72,210.84,241.51,11.72,45.94,10690.4,849.97,213.35,89.913,1324.44,61.68,2701.33,10714.44
2018/2/12,235.64,21.13,277.73,66.88,190.86,228.03,11.68,44.83,8926.57,868.71,161.57,90.096,1322.49,59.29,2656,10421.09
2018/2/9,230.93,21.94,272.42,61.77,173.78,232.08,11.31,43.95,8736.98,883.86,163.95,90.334,1315.97,59.2,2619.55,10371.75
2018/2/8,239.45,21.45,284.45,65.1,154.17,217.52,11.22,42.75,8265.59,817.81,149.47,90.116,1318.49,61.15,2581,10528.52
2018/2/7,241.84,21.18,306.2,66.64,165.17,228.8,11.6,45.2,7621.3,757.07,138.2,90.118,1318.25,61.79,2681.66,10551.54
2018/2/6,238.82,20.55,307.41,66.36,160.65,225.58,11.65,44.91,7754,793.12,142.99,89.451,1323.98,63.39,2695.14,10404
2018/2/5,252.23,20.67,339.27,71.54,184.96,213.7,11.57,44.52,6955.27,697.95,125.33,89.405,1339.31,64.15,2648.94,10946.25
2018/2/2,258.03,21.18,346.34,74.53,181.16,233.52,12.45,46.15,8830.75,915.78,131.38,89.036,1332.73,65.45,2762.13,11126.23
2018/2/1,259.63,20.05,352.84,75.24,172.75,240.5,13.25,47.65,9170.54,1036.79,142.3,88.505,1348.39,65.8,2821.98,11160.25
2018/1/31,254.77,19.8,350.22,76.63,171.19,245.8,13.74,48.14,10221.1,1118.31,163.35,88.954,1344.76,64.73,2823.81,11103.79
2018/1/30,254.58,19.54,350.33,79.23,175.67,242.72,12.87,48.79,10106.3,1071.13,165.28,88.999,1338.39,64.5,2822.43,11076.78
2018/1/29,257.71,18.96,360.46,82.24,167.75,246.85,13.32,49.98,11296.4,1182.36,181.66,89.131,1340.1,65.56,2853.53,11221.81
2018/1/26,255.13,19.38,353.8,78.71,153.82,243.33,12.95,50.08,11171.4,1055.17,176.73,88.891,1349.47,66.14,2872.87,11147.1
2018/1/25,259.25,19.24,359.03,78.21,146.37,236.35,12.41,45.3,11259.4,1056.03,180.27,89.227,1347.83,65.51,2839.25,11165.95
2018/1/24,258.74,19.47,347.75,75.57,150.36,235.8,12.71,45.51,11359.4,1058.78,179.99,89.011,1358.29,65.61,2837.54,11152.16
2018/1/23,264.55,18.13,341.98,72.67,138.55,238.91,12.94,46.06,10868.4,986.23,177.81,89.915,1341.09,64.47,2839.13,11253.11
2018/1/22,259.98,18.38,325.15,72.29,128.83,233.69,12.65,45.75,10931.4,1003.26,180.01,90.191,1333.74,63.49,2832.97,11231.46
2018/1/19,253.81,19.24,304.27,71.61,128.41,230.11,12.59,44.82,11607.4,1039.1,192.96,90.37,1331.67,63.37,2810.3,11150.85
2018/1/18,247.54,17.9,303.86,72.84,138.54,224.44,12.47,44.48,11474.9,1036.28,192.84,90.297,1326.84,63.95,2798.03,11071.57
2018/1/17,241.55,16.41,285.65,72.04,134.52,224.72,12.18,44.39,11188.6,1014.25,186.52,90.313,1326.77,63.97,2802.56,11004.8
2018/1/16,239.62,15.01,289.96,71.77,131.03,220.11,11.91,43.14,11490.5,1053.69,188.33,90.146,1338.28,63.73,2776.42,10986.11
2018/1/15,239.11,14.97,274.05,70.89,117.73,NA,NA,NA,13819.8,1291.92,232.77,90.735,1339.3,64.73,NA,10956.31
2018/1/12,236.08,14.99,258.99,70.01,107.5,222.98,12.02,43.24,13980.6,1273.2,236.86,90.735,1337.73,64.3,2786.24,10883.96
2018/1/11,233.88,14.98,262.48,70.48,101,224.08,12.14,43.41,13405.8,1154.93,229.37,91.608,1322.21,63.8,2767.56,10810.06
2018/1/10,237.93,14.96,267.86,68.99,93.2,223.68,11.96,42.5,14973.3,1255.82,250.52,92.07,1316.73,63.57,2748.23,10831.09
2018/1/9,240.94,15.02,280.75,69.7,92.61,221.94,11.82,43.62,14595.4,1299.74,247.04,92.26,1312.57,62.96,2751.29,10914.89
2018/1/8,241.77,15.19,287.24,71.62,96.57,222,12.28,44.74,15170.1,1148.53,255.76,92.1,1320.3,61.73,2747.71,10915.75
2018/1/5,239.53,15.24,286.19,73.44,92.91,215.4,11.88,44.74,17429.5,997.72,249.27,91.673,1319.25,61.44,2743.15,10879.8
2018/1/4,238.63,15.3,282.41,74.59,91.75,213.59,12.12,44.43,15599.2,980.92,241.37,91.581,1322.37,62.01,2723.99,10848.63
2018/1/3,236.69,15.51,269.11,69.68,85.54,212.47,11.55,45.26,15201,962.72,245.37,91.896,1312.92,61.63,2713.06,10801.57
2018/1/2,231.99,15.59,258.92,68.76,78.17,199.35,10.98,46.85,14982.1,884.44,255.68,91.573,1317.31,60.37,2695.81,10710.73
2017/12/29,228.88,15.56,255.8,68.25,72.77,193.5,10.28,46.16,14656.2,753.59,245.5,91.826,1302.9,60.42,2673.61,10642.86
2017/12/28,226.58,15.59,260.29,68.72,71.59,197.4,10.55,46.22,14606.5,737.02,249.93,92.3,1294.78,59.84,2687.54,10567.64
2017/12/27,225.34,15.62,252.97,68.26,71.26,197.17,10.53,46.11,15838.5,762.84,272.17,92.612,1286.87,59.64,2682.62,10486.67
2017/12/26,226.71,15.54,261.21,67.32,68.45,197.44,10.46,46.08,16099.8,773.84,286.5,92.801,1282.75,59.97,2680.5,10421.91
2017/12/25,228.21,15.24,281.89,69.13,69.82,NA,NA,NA,14026.6,765.83,273.39,NA,1274.5,58.59,NA,10522.49
2017/12/22,225.88,15.08,287.84,72.95,73,195.27,10.54,46.7,13831.8,674.86,264.93,92.924,1274.35,58.47,2683.34,10537.27
2017/12/21,225.49,15.12,285.01,74.49,74.09,195.89,10.89,46.76,15802.9,821.06,317.46,92.862,1266.36,58.36,2684.57,10488.97
2017/12/20,224.5,14.97,276.92,72.59,72.18,196.8,10.98,47.56,16624.6,819.09,314.62,92.891,1265.33,58.09,2679.25,10504.52
2017/12/19,225.67,15.04,283.17,72.75,71.87,196.11,10.95,47.04,17776.7,826.82,350.25,93.027,1261.46,57.46,2681.47,10467.34
2017/12/18,227.08,15.02,285.9,73.25,67.27,197.9,10.98,46.26,19114.2,794.65,358.34,93.52,1262.08,57.16,2690.16,10506.52
2017/12/15,228.94,15.17,285.56,72.3,67.4,191.56,10.29,44.56,17706.9,684.45,299.78,93.929,1255.13,57.3,2675.81,10491.44
2017/12/14,229.18,15.01,289.42,73.53,68.14,186.47,10.13,43.26,16564,695.82,279.33,93.479,1252.7,57.04,2652.01,10538.01
2017/12/13,227.05,15.05,292.44,75.34,68.58,186.18,10.11,43.34,16408.2,702.77,302.6,93.419,1255.28,56.6,2662.85,10470.7
2017/12/12,227.03,15.16,297.95,76.63,70.51,190.84,9.9,43.33,17415.4,651.43,316.16,94.08,1244.36,57.14,2664.11,10443.28
2017/12/11,227.93,15.08,287.25,74.3,69.7,194.66,10.16,43.66,16936.8,515.14,214.2,93.843,1241.9,57.99,2659.99,10473.09
2017/12/8,227.29,15.03,266.32,73.11,73.06,191.49,9.94,43.35,16569.4,456.03,124.85,93.874,1248.31,57.36,2651.5,10398.62
2017/12/7,224.65,15.07,256.17,73.01,72.84,191.99,10.04,43.08,17899.7,434.41,98.29,93.769,1247.06,56.69,2636.98,10355.76
2017/12/6,227.8,15.63,254.56,71.63,70.81,189.26,10,43.45,14291.5,428.59,100.35,93.582,1263.17,55.96,2629.27,10393.92
2017/12/5,229.83,15.06,257.21,73.98,75.3,187.74,9.91,43.44,11916.7,463.28,102.4,93.334,1265.76,57.62,2629.57,10566.85
2017/12/4,233.12,15.09,259.63,78.15,79.28,186.66,10.03,44.49,11657.2,470.2,104.24,93.144,1275.81,57.47,2639.44,10651.11
2017/12/1,230.22,15.11,273.32,79.79,84.5,197.68,10.73,44.68,10975.6,466.54,99,92.841,1280.23,58.36,2642.22,10600.37
2017/11/30,227.49,15.18,272.82,84.23,84.77,200.71,10.89,44.84,10233.6,447.11,88.33,93.002,1274.74,57.4,2647.58,10560.44
2017/11/29,234.93,15.54,275.2,78.1,76.2,196.42,10.83,43.95,9888.61,427.52,85.57,93.107,1283.63,57.3,2626.07,10713.55
2017/11/28,234.11,15.52,273.98,72.53,72.69,210.71,11.17,44.73,10058.8,472.9,96.03,93.213,1293.74,57.99,2627.04,10707.07
2017/11/27,238.68,15.38,284.22,72.83,68.34,214.14,11.55,44.49,9818.35,480.36,91.6,92.825,1294.37,58.11,2601.42,10750.93
2017/11/24,243.53,15.51,280.9,72.5,67.61,216.96,11.38,44.75,8253.69,474.91,77.97,92.707,1287.93,58.95,2602.42,10854.09
2017/11/23,242.71,15.61,281.75,73.28,69.9,NA,NA,NA,8038.77,410.17,73.22,93.135,1290.6,58.38,NA,10854.57
2017/11/22,243.34,15.72,285.52,74.33,70.78,214.93,11.37,44.65,8253.55,380.65,71.89,93.135,1291.82,58.02,2597.08,10822.59
2017/11/21,241.71,15.73,282,75.18,72.18,216.05,11.4,44.94,8071.26,360.4,70.03,93.877,1280.35,56.83,2599.03,10779.24
2017/11/20,239.48,15.84,286.22,74.09,67.93,214.08,11.34,44.62,8200.64,366.73,72.25,93.997,1276.63,56.09,2582.14,10664.55
2017/11/17,241.62,15.87,283.22,75.31,68.01,211.36,11.38,44.63,7708.99,332.39,67.57,93.575,1293.87,56.55,2578.85,10701.64
2017/11/16,238.44,15.93,273.86,73.32,68.2,211.61,11.25,45.65,7871.69,330.92,71.06,93.854,1278.46,55.14,2585.64,10625.04
2017/11/15,237.67,15.95,269.23,71.89,65.87,209.98,11.07,45.46,7315.54,333.36,63.82,93.726,1277.93,55.33,2564.62,10630.65
2017/11/14,239.85,15.98,261.15,72.68,64.68,214.18,11.12,45.86,6635.75,337.63,62.68,93.723,1280.16,55.7,2578.87,10687.18
2017/11/13,240.29,16.5,262.04,73.15,67.73,212.63,11.09,45.75,6559.49,316.72,61.4,94.388,1278.08,56.76,2584.84,10683.92
2017/11/10,241,16.81,264.53,77.83,68.68,216.14,11.26,45.58,6618.14,299.25,59.26,94.278,1275.35,56.74,2582.3,10732.67
2017/11/9,241.1,16.74,284.29,83.49,68.4,205.32,11.12,46.3,7143.58,320.88,64.27,94.352,1284.9,57.17,2584.62,10743.27
2017/11/8,242.57,16.85,282.4,82.63,72.9,209.16,11.71,46.7,7459.69,309.07,62.57,94.768,1281.12,56.81,2594.38,10818.99
2017/11/7,242.82,16.89,289.43,82.34,81.29,212.03,12.05,46.78,7144.38,294.66,61.3,94.8,1275.13,57.2,2590.64,10840.34
2017/11/6,240.79,17.01,284.88,83.4,78.94,209.63,11.93,46.7,7022.76,298.89,55.17,94.657,1281.8,57.35,2591.13,10786.19
2017/11/3,239.32,16.94,287.67,83.25,76.68,208.69,11.12,46.34,7207.76,305.71,56.18,94.858,1269.75,55.64,2587.84,10800.77
2017/11/2,241.59,17.02,303.18,84.71,78.82,205.94,10.85,47.1,7078.5,287.43,54.74,94.588,1275.85,54.54,2579.85,10788.51
2017/11/1,243.13,16.96,300.39,83.36,83.44,207.2,10.8,46.71,6767.31,291.69,53.18,94.709,1274.49,54.3,2579.36,10806.36
2017/10/31,243.43,16.96,300.67,82.02,80.74,206.81,10.99,45.49,6468.4,305.88,55.75,94.429,1270.86,54.38,2575.26,10793.8
2017/10/30,243.32,16.82,297.47,81.83,81.13,203.84,10.89,44.37,6130.53,307.75,56.39,94.454,1276.1,54.15,2572.83,10756.87
2017/10/27,238.6,17.18,307.77,84.98,80.35,201.86,11.84,44.4,5780.9,297.42,55.33,94.822,1273.64,53.9,2581.07,10709.11
2017/10/26,236.86,16.96,303.43,84.69,73.2,195.69,12.01,41.35,5904.83,296.53,55.74,94.509,1266.86,52.64,2560.4,10734.76
2017/10/25,238.27,17.08,299.09,84.7,70.41,193.66,12.33,40.78,5750.8,297.92,56.49,93.577,1277.23,52.18,2557.15,10750.57
2017/10/24,238.65,17.37,309.27,86.89,74.69,198.68,14.25,40.95,5526.64,298.33,55.96,93.661,1276.56,52.47,2569.13,10743.78
2017/10/23,239.41,17.02,307.22,86.87,71.68,196.62,14.1,40.83,5930.32,286.95,54.92,93.814,1282.04,51.9,2564.98,10735.21
2017/10/20,238.63,17.13,294.56,86.95,66.31,196.9,13.81,40.43,6011.45,304.01,60.33,93.579,1280.33,51.47,2575.21,10728.88
2017/10/19,240.05,17.07,304.8,86.46,65.79,197.8,13.95,40.09,5708.52,308.09,59.74,93.12,1289.87,51.29,2562.1,10760.29
2017/10/18,238.22,16.95,288.29,86.88,61.77,197.58,14.07,40.25,5590.69,314.32,60.73,93.228,1280.9,52.04,2561.26,10720.28
2017/10/17,236.34,17.08,275.2,86.38,56.5,197.75,14.16,39.79,5605.51,317.08,59.48,93.35,1284.97,51.88,2559.36,10723.15
2017/10/16,237.36,16.96,251.33,82.28,51.4,197.93,14.26,39.76,5725.59,333.38,64.62,93.161,1294.92,51.87,2557.64,10774.21
2017/10/13,236.14,16.95,246.22,78.7,45.76,194.59,14.22,39.67,5647.21,338.76,59.43,92.935,1303.6,51.45,2553.17,10724.09
2017/10/12,236.57,16.91,228.37,72.07,41.52,191.03,14.2,39.19,5446.91,304.14,60.11,92.898,1293.51,50.6,2550.93,10711.44
2017/10/11,231.09,17.13,226.02,74.53,38.51,190.94,13.88,39.3,4826.48,303.46,50.89,92.825,1291.54,51.3,2555.24,10641.19
2017/10/6,224.72,16.84,227.66,75.27,35.09,181.3,13.23,39.63,4370.81,308.59,52.12,93.641,1276.36,49.29,2549.33,10532.81
2017/10/5,224.08,16.85,231.23,76.81,34.42,180.77,13.34,39.53,4328.41,295.86,51.67,93.803,1268.17,50.79,2552.07,10518.27
2017/10/3,221.68,16.88,227.72,74.06,33.04,179.37,13.42,39.38,4317.48,292.46,52.35,93.414,1271.44,50.42,2534.58,10469.35
2017/10/2,219.78,16.97,220.51,74.46,32.96,179,12.71,39.04,4409.32,297.48,53.38,93.405,1270.76,50.58,2529.12,10465.16
2017/9/30,217.4,17.1,205.26,72.75,31.45,NA,NA,NA,4338.71,301.46,55.14,NA,NA,NA,NA,10383.94
2017/9/29,216.42,17.12,196.59,70.52,29.84,178.77,12.75,38.08,4163.07,291.47,52.62,92.883,1279.7,51.67,2519.36,10329.94
2017/9/28,214.72,17.1,194.12,72.57,30.03,175.68,12.74,37.83,4174.73,299.15,54.09,92.932,1287,51.56,2510.06,10296.45
2017/9/27,215.92,17.31,188.95,70.12,28.83,175.73,12.74,37.54,4200.67,306.47,56.28,93.171,1282.61,52.14,2507.04,10326.68
2017/9/26,215.66,16.88,186.37,68.62,27.99,171.96,12.45,37.47,3892.35,287.44,51.55,92.781,1293.95,51.88,2496.84,10257.02
2017/9/25,217.53,17.15,198.78,67.73,26.87,171,12.61,37.16,3926.07,292.33,51.58,92.441,1310.53,52.22,2496.66,10335.89
2017/9/22,219.56,17.12,204.64,73.57,28.56,179,13.3,37.18,3630.7,264.31,48.09,91.967,1297.15,50.66,2502.22,10449.68
2017/9/21,221.23,17.34,197.91,73.72,28.52,180.76,13.41,37.2,3631.04,258.58,46.61,92.049,1291.01,50.55,2500.6,10578.44
2017/9/20,221.04,17.2,191.34,73.26,28.63,185.84,13.74,37.07,3905.95,283.74,51.73,92.296,1301.07,50.41,2508.24,10519.17
2017/9/19,218.7,17.44,195.09,74.51,29.62,187.35,13.12,37.23,3924.97,282.8,52.84,91.561,1310.93,49.48,2506.65,10576.14
2017/9/18,219.27,16.87,184.26,73.44,28.81,187.55,13.08,37,4065.2,293.5,55.53,91.853,1307.4,49.91,2503.87,10631.57
2017/9/15,218.16,16.9,183.69,72.42,30.55,180.11,12.52,37,3637.52,250.46,48.21,91.863,1320.07,49.89,2500.23,10580.41
2017/9/14,218.6,16.93,199.3,79.63,33.17,169.4,12.26,36.48,3154.95,213.91,41.58,92.112,1329.45,49.89,2495.62,10553.57
2017/9/13,218.09,16.94,203.03,79.55,34.11,170.37,12.22,36.33,3882.59,277.11,61.73,92.508,1322.96,49.3,2498.37,10532.88
2017/9/12,218.71,16.86,207.36,81.5,34.41,169.61,12.3,36.09,4130.81,291.46,64.23,91.856,1331.61,48.23,2496.48,10610.35
2017/9/11,217.44,16.86,205.31,82.42,36.1,169,12.55,35.77,4161.27,294.53,66.04,91.853,1327.24,48.07,2488.11,10572.16
2017/9/8,217.53,17.15,205.86,84.3,33.34,163.69,12.25,35.19,4228.75,296.5,67.79,91.326,1346.29,47.48,2461.43,10609.95
2017/9/7,217.22,17.29,208.12,85.11,32.93,166.58,12.63,35.54,4599.88,329.43,78.48,91.642,1348.88,49.09,2465.1,10538.51
2017/9/6,217.33,17.18,210.98,82.72,33.52,165.81,12.86,35.76,4597.12,334.34,80.11,92.252,1334.07,49.16,2465.54,10547.86
2017/9/5,217.4,17.33,207.08,85.5,34.7,165.91,12.92,35.02,4376.53,312.99,71.29,92.226,1339.5,48.66,2457.85,10617.84
2017/9/4,217.44,17.76,215.85,92.24,34.92,NA,NA,NA,4236.31,295.17,65.21,92.769,1333.3,47.41,NA,10569.87
2017/9/1,216.33,17.81,212.91,93.44,35.18,170.46,13.19,35.09,4892.01,387.74,86.04,92.769,1324.87,47.29,2476.55,10594.82
2017/8/31,216.63,18.06,223.99,95.14,35.19,169.44,13,35.07,4703.39,383.04,71.06,92.628,1321.21,47.23,2471.65,10585.78
2017/8/30,217.27,18.04,224.64,97.72,34.6,165.68,12.67,34.89,4565.3,378.48,64.17,92.823,1308.44,45.96,2457.59,10569.4
2017/8/29,215.53,18.09,210.74,95.34,33.84,164.7,12.15,34.73,4579.02,370.67,63.17,92.184,1309.12,46.44,2446.3,10496.57
2017/8/28,215.85,17.83,205.44,97.67,34.44,164.97,12.23,34.65,4382.66,347.75,62.36,92.14,1309.88,46.57,2444.24,10525.98
2017/8/25,217.28,18.19,196.88,93.9,34.18,163.81,12.43,34.67,4371.6,331.92,51.18,92.677,1291.13,47.87,2443.05,10515.51
2017/8/24,216.6,16.9,183.65,89.33,33.79,165.19,12.5,34.71,4334.68,325.61,50.19,93.202,1286.21,47.43,2438.97,10488.96
2017/8/23,215.34,16.89,182.7,88.92,32.96,165.8,12.48,34.66,4151.52,317.52,53.25,93.07,1290.65,48.41,2444.04,10406.81
2017/8/22,214.12,16.91,179.46,90.13,33.76,162.55,12.17,34.65,4100.52,314.79,46.73,93.461,1284.93,47.64,2452.51,10392.07
2017/8/21,211.88,16.93,170.46,90.96,33.78,159.15,12.05,34.92,4001.74,321.59,47.94,93.012,1291.68,47.37,2428.37,10326.39
2017/8/18,211.89,16.84,169.31,90.92,35.19,161.5,12.37,35.01,4160.62,295.59,47.28,93.359,1283.85,48.51,2425.55,10321.33
2017/8/17,213.71,17.14,169.91,91.85,35.41,161.47,12.34,35.17,4331.69,301.46,43.91,93.534,1287.81,47.09,2430.01,10369.37
2017/8/16,212.53,16.99,171.66,92.11,35.51,165.15,12.63,35.81,4376.63,302.27,44.15,93.438,1282.94,46.78,2468.11,10290.39
2017/8/15,213.62,17.1,172.28,91,36.58,166.98,13.02,36,4181.93,289.82,43.31,93.756,1271.34,47.55,2464.61,10311.16
2017/8/14,211.92,17.43,172.09,91.23,37.35,168.4,12.76,36.34,4325.13,300.1,45.8,93.305,1281.95,47.59,2465.84,10225.28
2017/8/11,211.66,16.84,169.62,87.2,36.02,155.96,12.23,35.87,3650.62,308.86,47.1,92.956,1289.15,48.82,2441.32,10329.57
2017/8/10,213.8,16.91,180.77,83.26,35.38,164.74,12.12,36.14,3381.28,295.89,46.5,93.304,1286.09,48.59,2438.21,10329.74
2017/8/9,214.55,16.73,178.62,83.61,35.58,172.11,12.83,36.59,3342.47,296.03,48.01,93.43,1277.09,49.56,2474.02,10470.38
2017/8/8,217.38,17.03,181.08,77.99,36.97,170.3,13.11,36.41,3419.94,296.77,48.63,93.515,1260.89,49.17,2474.92,10568.97
2017/8/7,215.5,17.09,179.82,73.28,39.14,172.35,13.43,36.43,3378.94,269.18,45.8,93.309,1257.63,49.39,2480.91,10579.38
2017/8/4,213.42,17.23,176.77,71.31,36,167.21,13.12,36.3,2895.89,223.07,43.45,93.416,1258.56,49.58,2476.83,10506.56
2017/8/3,213.3,17.44,180.29,69.7,35.62,166.48,13.24,36.49,2804.73,225.34,42.86,92.707,1268.29,49.03,2472.16,10469.88
2017/8/2,215.38,17.2,178,69.11,36.24,164.39,13.37,36.64,2710.67,219.95,42.13,92.699,1266.44,49.59,2477.57,10519.27
2017/8/1,212.94,17.19,175.63,71.35,35.49,164.49,13.71,36.35,2718.26,226.77,43.04,92.901,1268.68,49.16,2476.35,10437.29
2017/7/31,213.74,17.41,175.48,71.73,33.44,162.51,13.61,35.47,2875.34,203.87,43.02,92.718,1269.24,50.17,2470.3,10427.33
2017/7/28,212.97,17.68,175.86,72.87,34.65,164.39,13.95,35.31,2809.01,193.12,40.61,93.114,1269.38,49.71,2472.1,10423.05
2017/7/27,215.21,17.14,181.9,71.38,34.24,161.74,14.12,34.97,2671.78,204.32,42.14,93.715,1259.39,49.04,2475.42,10508.37
2017/7/26,213.41,17.23,185.47,73,36.46,167.26,14.76,34.75,2529.45,203.95,42.23,93.505,1260.96,48.75,2477.83,10419.11
2017/7/25,214.05,17.54,175.45,72.08,38.1,165.35,14.11,34.67,2576.48,206.71,42.24,93.888,1249.88,47.89,2477.13,10463.15
2017/7/24,213.96,17.94,163.32,73.35,38.3,166.15,14.16,34.5,2754.86,224.71,44.41,93.798,1255.14,46.34,2469.91,10461.28
2017/7/21,214.17,17.89,167.01,72.76,38.54,168.1,13.88,34.73,2667.76,218.3,45.76,93.679,1251.37,45.77,2472.54,10436.7
2017/7/20,214.86,17.67,170.18,72.82,38.27,167.5,13.8,34.75,2817.6,227.26,45.02,94.117,1244.34,46.79,2473.45,10499.36
2017/7/19,214.31,17.12,168.71,66.64,35.74,165.1,13.55,34.56,2273.43,199.7,40.86,94.588,1241.05,47.12,2473.83,10506.1
2017/7/18,213.18,17.09,159.46,62.12,33.79,165.96,13.48,34.53,2318.88,234.39,44.3,94.402,1242.18,46.4,2460.61,10481.26
2017/7/17,213.39,17.02,152.95,62.2,32.69,164.25,13.8,34.47,2228.41,193.42,42.67,94.904,1233.87,46.02,2459.14,10457.54
2017/7/14,213.46,17.04,150.93,62.2,35.8,164.95,13.92,34.68,2233.34,199.66,42.8,94.93,1228.42,46.54,2459.27,10443.91
2017/7/13,214.12,17.06,144.02,61.03,34.58,160.63,13.53,34.24,2357.9,209.73,46.33,95.508,1217.34,46.08,2447.83,10460.15
2017/7/12,211.63,17,135.24,61.52,35.19,162.51,14.29,34.25,2398.84,230.77,48.75,95.512,1220.3,45.49,2443.25,10420.68
2017/7/11,210.32,17.01,128.94,62.43,35.42,155.88,13.89,33.92,2337.79,197.4,45.33,95.422,1217.53,45.04,2425.53,10415.57
2017/7/10,206.33,17.02,125.56,59.64,36.19,153.7,13.81,33.65,2372.56,215.36,46.58,95.777,1214.19,44.4,2427.43,10289.91
2017/7/7,206.29,17.05,126.22,58.57,33.54,146.76,13.36,33.88,2518.66,245.99,46.58,95.792,1212.73,44.23,2425.18,10297.25
2017/7/6,207.49,17.05,126.79,58.71,33.32,143.48,13.02,33.63,2608.56,270.55,51.13,95.575,1224.97,45.52,2409.75,10368.2
2017/7/5,207.48,17,122.43,59,32.16,143.05,13.19,34.34,2601.99,268.77,53.19,96.059,1226.84,45.13,2432.54,10404.79
2017/7/4,207.34,17.01,124.68,58.1,33.73,NA,NA,NA,2601.64,273.3,55.33,95.969,1223.1,47.13,NA,10347.78
2017/7/3,208.04,17.04,127.82,58.08,34.01,139.33,12.15,33.46,2564.06,282.9,46.43,95.969,1219.88,47.07,2429.01,10412.79
2017/6/30,207.51,17.06,127.21,58.67,31.29,144.56,12.48,33.74,2480.84,294.92,40.35,95.421,1241.42,46.04,2423.41,10395.07
2017/6/29,209.93,17.24,134.08,60.05,29.18,146.68,12.6,33.54,2539.32,302.88,41.07,95.366,1245.29,44.93,2419.7,10421.65
2017/6/28,208.9,17.19,130.65,61.08,26.75,151.75,13.23,34.2,2574.79,327.93,42.85,95.744,1249.08,44.74,2440.69,10390.55
2017/6/27,212.05,17.18,125.37,60.63,23.93,146.58,13.4,33.65,2552.45,293.09,40.54,96.093,1246.99,44.24,2419.38,10512.06
2017/6/26,213.65,17.19,126.18,59.86,21.78,152.15,14.08,34.07,2478.45,272.69,41.13,97.116,1244.04,43.38,2439.07,10513.96
2017/6/23,217.39,17.26,123.38,60.52,20.07,153.83,14.17,34.19,2744.91,341.74,47.34,96.942,1256.52,43.01,2438.3,10377.7
2017/6/22,217.44,17.12,124.83,61.81,20.05,158.37,14.38,34.36,2705.41,336.37,47.71,97.303,1250.24,42.74,2434.5,10399.06
2017/6/21,215.8,17.07,124.47,61.61,19.73,159.47,13.98,34.58,2689.1,336.87,47.79,97.216,1246.29,42.53,2435.61,10349.72
2017/6/20,216.44,17.04,121.54,60.46,19.74,157.09,12.64,34.86,2721.79,359.01,47.22,97.412,1242.88,43.23,2437.03,10324.46
2017/6/19,212.26,17.23,123.55,60.89,19.05,157.32,11.93,35.51,2589.6,370.06,50.32,97.325,1243.65,44.2,2453.46,10250.6
2017/6/16,210.08,17.14,121.83,61.38,18.97,151.62,11.44,35.21,2518.56,370.23,35.7,97.146,1253.59,44.74,2433.15,10156.73
2017/6/15,207.66,17.22,119.71,60.55,18.77,152.37,11.5,35.31,2464.58,361.93,30.22,97.437,1253.8,44.46,2432.46,10088.35
2017/6/14,207.58,17.56,119,60.7,19.14,151.72,11.77,35.53,2506.37,359.05,30.22,96.921,1260.63,44.73,2437.92,10072.46
2017/6/13,207.7,17.24,122.4,63.31,19.77,151.4,11.96,35.88,2717.02,397.54,30.64,96.942,1266.37,46.46,2440.35,10128.15
2017/6/12,208.12,17.29,124.21,63.6,20.3,149.97,12.09,35.73,2659.63,401.49,29.5,97.121,1265.7,46.08,2429.39,10109.96
2017/6/9,213.29,17.11,126.16,59.69,19.72,149.6,12.28,35.71,2823.81,281.74,29.68,97.239,1266.33,45.83,2431.77,10199.65
2017/6/8,212.4,17.29,125.38,59.74,18.47,159.94,12.9,36.48,2805.62,261.67,30.21,96.898,1277.89,45.64,2433.79,10225.78
2017/6/7,211.42,17.35,121.74,59.67,17.11,149.12,12.38,36.26,2732.16,258.07,28.39,96.708,1286.87,45.72,2433.14,10209.99
2017/6/6,210.88,17.38,112,59.86,17.33,147.34,12.03,36.13,2863.2,264.47,30.55,96.591,1293.89,48.19,2429.33,10206.18
2017/6/5,210.55,17.18,104.59,55.61,17.04,148.01,11.24,36.34,2686.81,248.46,30.84,96.754,1279.37,47.4,2436.1,10226.84
2017/6/3,208.67,17.15,105.39,55.16,17.28,NA,NA,NA,2515.35,224.38,27.66,NA,NA,NA,NA,10158.15
2017/6/2,208.27,17.24,103.97,55.54,16.69,143.64,10.9,36.32,2488.55,223.77,28.94,96.67,1278.9,47.66,2439.07,10152.53
2017/6/1,205.79,17.27,102.52,55.29,16.69,144.36,10.93,36.12,2407.88,222.24,28.8,97.141,1265.83,48.36,2430.06,10087.42
2017/5/31,203.92,17.35,103.05,56.25,16.63,144.35,11.19,36.11,2286.41,230.67,25.3,96.854,1268.71,48.32,2411.8,10040.72
2017/5/26,206.05,17.12,100.93,61.21,16.89,141.84,11,36.26,2202.42,160.4,23.75,97.364,1266.7,49.8,2415.82,10101.95
2017/5/25,206.53,17.11,101.62,59.46,16.96,138.26,10.98,36.26,2304.98,174.45,29.9,97.176,1255.35,48.9,2415.07,10108.49
2017/5/24,205.39,17.12,98.5,58.51,17.13,138.57,10.89,36.12,2443.64,190.05,34.45,97.147,1258.46,51.36,2404.39,10044.42
2017/5/23,205.75,17.15,98.57,59.35,17.25,137.03,10.89,35.86,2320.42,181.95,32.11,97.264,1250.85,51.47,2398.42,10007.84
2017/5/22,204.04,17.22,99.74,57.45,17.03,138.9,11.04,35.77,2173.4,174.26,25.38,96.881,1260.3,50.73,2394.02,9997.26
2017/5/19,203.36,17.02,99.87,54.56,17.86,136,11.41,35.4,1987.71,129.53,27.7,97.03,1255.55,50.33,2381.73,9947.62
2017/5/18,202.75,17.14,99.88,53.66,16.48,133.07,11.28,35.22,1888.65,96.91,28.36,97.772,1246.85,49.35,2365.72,9969.45
2017/5/17,203.47,17.19,100.01,55.74,16.16,127.72,11.2,35.04,1839.09,89.86,25.4,97.462,1260.92,49.07,2357.03,10013.67
2017/5/16,204.02,17.27,103.02,57.4,16.49,136.81,12.75,35.82,1734.45,89.44,23.33,97.998,1236.77,48.66,2400.67,10031.49
2017/5/15,205.39,17.21,105.27,54.71,16.54,134.31,11.42,35.63,1738.43,92.41,25.37,98.801,1230.4,48.85,2402.32,10036.82
2017/5/12,205.67,17.21,106.75,55.23,16.56,127.89,11.26,35.53,1724.24,88.66,27.45,99.131,1227.83,47.84,2390.9,9986.82
2017/5/11,206.49,17.2,105.54,52,16.56,126.5,11.07,35.69,1848.57,89.88,30.72,99.505,1224.75,47.83,2394.44,10001.48
2017/5/10,204.97,17.41,105.71,49.04,17.27,121.29,10.79,36.01,1787.13,89.52,31.96,99.559,1218.9,47.33,2399.63,9968.32
2017/5/9,205.46,17.3,101.11,50.68,17.55,102.94,10.18,36.37,1755.36,91.16,33.58,99.544,1221.03,45.88,2396.92,9915.48
2017/5/8,200.64,17.7,102.5,47.51,17.19,102.77,10.04,36.54,1723.35,91.42,28.96,98.936,1225.92,46.43,2399.38,9937.25
2017/5/5,197.75,17.99,104.99,44.25,17.33,103.86,10.19,36.82,1555.45,94.4,26.27,98.528,1228.01,46.22,2399.29,9899.94
2017/5/4,198,18.04,102.22,40.6,17.23,103.85,10.1,36.85,1537.67,96.98,23.39,98.647,1227.65,45.52,2389.52,9967.64
2017/5/3,197.89,18.12,102.06,40.57,16.78,104.25,10.39,36.98,1490.09,79.72,21.04,99.082,1237.65,47.82,2388.13,9955.33
2017/5/2,197.46,18.05,102.67,40.87,16.53,103.48,10.32,36.97,1452.82,77.26,15.9,98.829,1256.52,47.66,2391.17,9941.27
2017/4/28,194.03,18.09,104.78,40.93,16.4,104.3,13.3,36.15,1316.48,70.16,14.34,98.898,1267.76,49.33,2384.2,9872
2017/4/27,192.04,18.13,104.58,40.67,16.25,105.64,13.62,37.43,1317.73,62.17,14.62,98.955,1263.85,48.97,2388.77,9860.62
2017/4/26,191.25,18.15,101.16,40.76,16.04,104.02,13.41,36.93,1281.08,52.72,14.85,98.92,1268.72,49.62,2387.45,9856.45
2017/4/25,190.8,18.02,101.03,41.14,15.95,104.74,13.49,36.87,1265.49,49.89,15.21,98.648,1263.67,49.56,2388.61,9841.71
2017/4/24,189.8,18.04,101.57,40.27,16.08,102.95,13.13,36.75,1250.15,50.03,14.97,98.973,1275.64,49.23,2374.15,9717.95
2017/4/21,189.29,18.24,99.25,39.81,16.46,101.68,13,36.32,1222.05,48.22,11.23,99.88,1283.62,49.62,2348.69,9717.41
2017/4/20,187.12,18.27,97.12,39.57,16.6,101.26,13.11,36.18,1229.08,49.67,10.33,99.685,1281.35,50.27,2355.84,9632.69
2017/4/19,186.97,18.21,97.66,39.65,16.62,99.68,12.84,35.91,1210.29,48.31,9.66,99.638,1279.71,50.44,2338.17,9639.94
2017/4/18,188.33,18.51,98.72,39.99,16.34,99.29,12.95,35.77,1211.67,50.71,10.32,99.404,1289.15,52.41,2342.19,9746.56
2017/4/17,188.38,18.31,95.55,39.98,16.48,99.23,12.79,35.48,1193.91,48.3,10.42,100.194,1284.26,52.65,2349.01,9716.4
2017/4/14,188.7,18.18,96.76,40.64,16.74,NA,NA,NA,1167.54,47.57,10.39,NA,1287.16,NA,NA,9732.93
2017/4/13,191.26,18.54,98.81,41.15,16.96,95.49,12.31,35.25,1169.28,50.22,10.15,100.463,1287.31,53.18,2328.95,9836.68
2017/4/12,190.72,18.62,97.25,40.92,16.99,97.31,12.76,35.63,1200.37,46.29,10.79,100.711,1286.39,53.11,2344.93,9817.68
2017/4/11,190.26,18.71,97.54,41.16,17.35,98.12,13.1,35.74,1205.01,43.41,8.85,100.622,1274.01,53.4,2353.78,9832.42
2017/4/10,190.21,19.07,100.78,40.83,17.64,97.77,13.1,35.8,1187.13,43.44,8.92,100.952,1254.17,53.08,2357.16,9882.54
2017/4/7,190.11,19.24,101.68,41.09,18.16,100.33,13.52,36.03,1176.9,42.16,9.37,101.117,1254.06,52.24,2355.54,9873.37
2017/4/6,191.62,19.02,102.18,41.21,18.57,100.76,13.27,36.03,1182.68,43.24,10.25,100.57,1251.54,51.7,2357.49,9897.8
2017/4/5,191.86,18.97,103.28,41.36,18.76,100.03,14.17,36.22,1124.78,45.3,11.09,100.441,1255.34,51.15,2352.95,9949.48
2017/3/31,189.94,18.98,102.01,40.63,18.96,108.93,14.55,36.07,1071.79,50.04,6.67,100.218,1249.13,50.6,2362.72,9811.52
2017/3/30,191.58,19.02,103.67,40.68,18.22,109.4,14.05,35.75,1026.43,52.21,6.98,100.285,1242.34,50.35,2368.06,9848.15
2017/3/29,192.13,18.64,102.72,41.19,18.87,107.34,13.71,35.57,1039.97,53.13,4.19,99.836,1253.18,49.51,2361.13,9856.25
2017/3/28,193.88,18.66,103.77,41.51,19.61,107.69,13.69,35.6,1047.15,50.77,4.16,99.549,1251.56,48.37,2358.57,9876.45
2017/3/27,193.06,18.95,102.67,41.95,20.14,108.25,13.7,35.39,1045.77,49.67,4.08,98.973,1254.2,47.73,2341.59,9876.77
2017/3/24,192.3,19.04,101.6,42.44,21.03,107.47,13.7,35.16,937.52,53.11,4.08,99.442,1243.29,47.97,2343.98,9902.98
2017/3/23,192.68,19.21,106.05,42.84,20.86,107.09,13.79,35.27,1038.59,43.68,3.98,99.563,1244.94,47.7,2345.96,9930.74
2017/3/22,192.67,19.11,106.43,42.84,20.65,108.07,14.1,35.37,1049.14,42.34,3.94,99.468,1248.42,48.04,2348.45,9922.66
2017/3/21,193.79,19.27,108.8,43.08,20.96,105.91,13.82,35.04,1120.54,43.15,4.01,99.614,1244.33,47.34,2344.02,9972.49
2017/3/20,190.8,19.18,107.77,43.11,21.3,109.45,14.4,35.43,1054.23,43.39,4.03,100.234,1233.92,48.22,2373.47,9912.97
2017/3/17,190.64,19.23,108.49,42.88,21.5,106.07,13.49,35.27,1100.23,46.83,4.06,100.115,1228.98,48.78,2378.25,9908.69
2017/3/16,189.3,19.28,108.87,42.04,21.22,103.81,13.65,35.14,1187.81,46.35,4.24,100.185,1226.1,48.75,2381.38,9837.83
2017/3/15,186.22,19.3,109.91,41.78,21.15,102.55,13.98,35.1,1249.61,35.06,4.16,100.575,1219.25,48.86,2385.26,9740.31
2017/3/14,187.28,19.27,109.32,42.29,21.03,101.78,14.1,35.18,1240,28.65,4.06,101.574,1198.67,47.72,2365.45,9744.21
2017/3/13,185.8,19.32,106.57,43.09,20.74,101.85,14.28,35.16,1231.92,28.59,4.17,101.31,1203.71,48.4,2373.47,9697.34
2017/3/10,183.61,19.18,113.14,43.76,20.27,99.12,13.91,35.91,1116.72,19.33,3.75,101.247,1204.49,48.49,2372.6,9627.89
2017/3/9,184.77,19.39,110.8,43.77,20.33,98.54,13.33,35.82,1188.49,17.75,3.84,101.853,1200.55,49.28,2364.87,9658.61
2017/3/8,186.71,19.19,108.92,44.29,20.6,98.56,13.22,35.62,1150,16.65,3.78,102.076,1207.76,50.28,2362.98,9753.45
2017/3/7,184.69,19.45,109.58,44.55,20.61,98.74,13.05,35.8,1223.54,18.89,3.82,101.805,1215.41,53.14,2368.39,9738.07
2017/3/6,183.73,19.53,106.32,42.65,20.08,97.67,13.04,35.57,1272.83,19.61,3.92,101.645,1224.86,53.2,2375.31,9682.63
2017/3/3,184.31,19.74,108.03,41.89,20.15,98.43,13.03,35.9,1274.99,19.46,3.92,101.548,1234.01,53.33,2383.12,9648.21
2017/3/2,186,20.09,103.17,42.67,20.34,99,13.9,35.91,1251.01,19.03,3.92,102.204,1233.89,52.61,2381.92,9691.8
2017/3/1,187.34,20.52,103.22,41.88,20.54,102.79,14.96,35.93,1222.5,17.35,3.8,101.78,1249.13,53.83,2395.96,9674.78
2017/2/24,188.93,22.04,103.87,40.51,21.44,101.46,14.12,36.53,1173.68,13.07,3.85,101.09,1256.63,53.99,2367.34,9750.47
2017/2/23,188.65,21.42,103,40.87,21.66,100.49,14.32,36.18,1166.72,13.12,3.84,101.053,1249.11,54.45,2363.81,9769.31
2017/2/22,189.2,19.39,98.8,40.52,19.91,110.76,14.28,36.07,1117.44,12.6,3.81,101.194,1237.02,53.59,2362.82,9778.78
2017/2/21,189.4,19.34,98.05,40.27,19.96,111.07,14,36.52,1115.3,12.67,3.78,101.355,1235.15,54.06,2365.38,9763.93
2017/2/20,190.02,19.57,97.6,40.57,19.51,NA,NA,NA,1079.98,12.43,3.77,100.951,1237.5,53.97,NA,9753.2
2017/2/18,189.76,19.35,92.46,40.39,19.9,NA,NA,NA,1054.42,12.81,3.79,NA,NA,NA,NA,9779.92
2017/2/17,189.66,19.47,92.98,40.35,19.96,107.23,13.13,36.48,1046.21,12.68,3.83,100.951,1234.61,53.4,2351.16,9759.76
2017/2/16,188.94,19.41,92.29,40.8,19.96,107.25,12.97,36.41,1027.44,12.9,3.79,100.43,1238.64,53.36,2347.22,9771.25
2017/2/15,188.54,19.5,93.84,41.13,19.91,109,13.3,36.05,1007.48,12.92,3.81,101.164,1233.17,53.11,2349.25,9799.76
2017/2/14,188.35,19.48,92.1,40.84,20.93,108.78,13.26,35.93,1004.55,13.03,3.77,101.233,1227.59,53.2,2337.58,9718.78
2017/2/13,187.51,19.58,89.63,39.57,21.31,108.38,13.49,35.8,990.64,11.27,3.72,100.95,1224.74,52.93,2328.25,9710.32
2017/2/10,185.02,19.82,82.64,38.96,21.04,113.62,13.58,35.34,988.67,11.28,3.78,100.791,1233.07,53.86,2316.1,9665.59
2017/2/9,184.47,19.79,82.56,38.17,21.33,116.38,13.42,35.46,994.38,11.03,3.8,100.647,1227.92,53,2307.87,9590.18
2017/2/8,183.56,19.73,80.97,38.17,22.7,118.61,13.56,36.38,1063.07,11.43,4.02,100.264,1241.2,52.34,2294.67,9543.25
2017/2/7,184.25,19.76,81.05,38.15,22.73,119.13,13.29,36.35,1061.35,11.52,4.04,100.245,1233.38,52.17,2293.08,9554.56
2017/2/6,184.36,19.81,80.54,38.26,20.75,117.31,13.63,36.27,1038.15,11.39,4.04,99.865,1235.03,53.01,2292.56,9538.01
2017/2/3,184.45,19.75,79.84,37.99,18.69,114.38,12.24,36.52,1029.91,11.11,4.08,99.842,1219.64,53.83,2297.42,9455.56
2017/2/2,186.93,19.8,80.11,37.97,17.05,115.39,12.28,36.68,1011.8,10.82,4.09,99.788,1215.31,53.54,2280.85,9428.97
2017/1/24,185.48,20.03,79.81,37.78,16.65,107.33,10.44,37.62,892.69,10.63,3.79,100.339,1208.5,53.18,2280.07,9447.95
2017/1/23,183.53,20.15,80.2,38.31,16.73,105.09,9.91,36.77,921.01,10.82,3.84,100.13,1217.71,52.75,2265.2,9424.05
2017/1/20,180.98,20.55,79.36,38.2,17.09,104.01,9.75,36.94,895.03,10.6,3.89,100.69,1209.79,52.42,2271.31,9331.46
2017/1/19,180.21,20.34,79.32,38.06,16.7,105.16,9.77,36.57,899.07,10.4,3.86,101.144,1204.32,51.37,2263.69,9318.12
2017/1/18,180.28,20.06,79.35,37.99,16.48,102.95,9.88,36.76,886.62,10.23,3.84,100.918,1203.76,51.08,2271.89,9341.97
2017/1/17,180.7,19.86,79.33,37.99,16.53,101.11,9.82,36.8,907.94,10.3,3.94,100.32,1216.65,52.48,2267.89,9354.53
2017/1/16,179.59,19.85,79.14,38.07,16.54,NA,NA,NA,831.53,9.64,3.9,101.188,1202.42,52.52,NA,9292.33
2017/1/13,181.25,19.91,79.21,38.32,16.65,103.43,10.58,36.79,823.98,9.77,3.89,101.188,1196.97,52.37,2274.64,9378.83
2017/1/12,184.35,19.88,80.3,38.46,16.72,103.44,10.76,36.71,804.83,9.86,3.96,101.377,1195.01,53.01,2270.44,9410.18
2017/1/11,182.81,19.72,80.69,37.71,16.89,105.16,11.2,36.95,777.76,9.72,3.85,101.747,1191.19,52.25,2275.32,9345.74
2017/1/10,184.21,19.82,80.19,37.92,17.31,106.47,11.44,36.54,907.68,10.55,4.59,101.996,1187.29,50.82,2268.9,9349.64
2017/1/9,184,19.94,80.62,38.02,16.37,107.28,11.49,36.61,902.83,10.33,4.3,101.909,1180.9,51.96,2268.9,9342.42
2017/1/6,183.86,20.15,81.61,38.01,16.42,103.1,11.32,36.48,902.2,10.25,3.86,102.209,1172.52,53.99,2276.98,9372.22
2017/1/5,183.09,19.98,80.77,37.8,16.4,101.74,11.24,36.35,1013.38,10.25,4.29,101.528,1179.87,53.76,2269,9358.14
2017/1/4,182.94,20.02,79.75,37.5,16.27,104.39,11.43,36.41,1154.73,11.25,4.84,102.709,1163.21,53.26,2270.75,9286.96
2017/1/3,182.61,19.98,78.58,37.25,16.45,102.01,11.43,36.6,1043.84,9.73,4.63,103.201,1158.46,52.33,2257.83,9272.88
2016/12/30,180.89,19.88,78.37,37.26,16.33,106.74,11.34,36.27,961.24,8.16,4.39,102.286,1150.9,53.72,2238.83,9253.5
2016/12/29,180.51,20.02,78.56,37.21,16.19,111.43,11.59,36.66,973.5,8.28,4.56,102.711,1157.67,53.77,2249.26,9153.09
2016/12/28,181.73,19.98,78.69,37.24,16.39,109.25,11.55,36.63,975.92,7.52,4.57,103.244,1141.03,54.06,2249.92,9201.4
2016/12/27,179.85,20.03,77.17,37.2,16.2,117.32,12.07,37.07,933.2,7.17,4.47,103.007,1138.49,53.9,2268.88,9109.27
2016/12/26,179.35,20.26,77.34,37.16,16.25,NA,NA,NA,907.61,7.27,4.36,NA,1132.72,53.19,NA,9110.54
2016/12/23,178.83,20.06,77.37,37.26,16.26,109.78,11.58,36.97,921.98,7.17,4.66,103.002,1133.57,53.02,2263.79,9078.64
2016/12/22,179.51,20.04,77.04,37.59,16.22,107.11,11.6,36.93,864.54,7.59,3.71,103.096,1128.01,52.95,2260.96,9118.75
2016/12/21,180.82,20.02,77.71,37.87,16.28,105.83,11.47,36.98,834.28,7.91,3.65,103.029,1131.19,52.49,2265.18,9204.26
2016/12/20,181.28,20.11,77.75,37.95,16.38,105.17,11.51,37.21,800.88,7.66,3.66,103.288,1131.86,52.23,2270.76,9242.41
2016/12/19,183.11,20.09,78.2,38.17,16.34,101.63,10.95,36.89,792.71,7.64,3.66,102.9,1137.56,52.12,2262.53,9239.32
2016/12/16,185.31,20.4,78.63,38.55,16.44,100.41,10.66,36.31,784.91,7.86,3.63,102.954,1134.26,51.9,2258.07,9326.78
2016/12/15,185.95,20.47,79.07,37.72,16.58,98.71,10.86,36.79,778.09,7.83,3.62,103.053,1128,50.9,2262.03,9360.35
2016/12/14,186.76,21.12,78.58,38.03,16.54,96.45,10.55,36.55,781.48,8.27,3.62,101.77,1142.55,51.04,2253.28,9368.52
2016/12/13,185.66,21.7,77.68,38.16,16.67,91.17,10.54,36.8,780.56,8.42,3.65,101.107,1158.09,52.98,2271.72,9382.14
2016/12/12,185.7,21.87,77.78,38.07,16.82,89.59,10.68,35.97,780.09,8.52,3.66,101.049,1161.73,52.83,2256.96,9349.94
2016/12/9,185.56,22.32,77.9,38.16,16.62,91.82,10.34,35.76,772.79,8.45,3.69,101.62,1159.47,51.5,2259.53,9392.68
2016/12/8,184.43,22.45,78.93,38.08,16.66,93.48,10.34,35.7,770.81,8.23,3.69,101.125,1170.37,50.84,2246.19,9375.86
2016/12/7,182.06,22.88,78.22,37.76,16.96,95.07,9.56,35.5,768.13,8.38,3.62,100.268,1173.32,49.77,2241.35,9263.89
2016/12/6,182.17,22.72,77.93,37.71,16.13,93.39,9.45,34.72,764.22,7.87,3.54,100.53,1169.47,50.93,2212.23,9250.77
2016/12/5,178.97,22.47,75.72,37.7,16.07,91.88,8.68,34.39,758.7,6.82,3.53,100.112,1169.9,51.79,2204.71,9160.66
2016/12/2,178.59,21.7,75.94,37.5,16.13,88.45,8.53,34.16,777.94,7.76,3.95,100.861,1177.09,51.68,2191.95,9189.49
2016/12/1,182.46,21.25,76.94,37.95,16.64,87.64,8.39,33.76,756.77,8.45,3.91,101.099,1171.21,51.06,2191.08,9263.53
2016/11/30,182.82,21.29,76.6,37.68,16.86,92.2,8.91,34.7,745.69,8.59,3.89,101.539,1172.89,49.44,2198.81,9240.71
2016/11/29,183.32,20.98,77.21,37.4,17.06,93.25,8.93,35.31,735.6,8.17,3.87,100.949,1187.83,45.23,2204.66,9192.38
2016/11/28,183.25,20.76,77.18,37.48,17.06,94.11,8.83,35.51,735.81,8.72,3.88,101.368,1193.5,47.08,2201.72,9222.24
2016/11/25,182.54,20.6,76.24,37.16,17.47,94.16,8.77,35.44,741.65,9.4,3.92,101.546,1183.36,46.06,2213.35,9159.07
2016/11/24,183.54,20.46,76.24,36.88,17.04,NA,NA,NA,740.29,9.23,3.91,101.759,1183.65,47.98,NA,9152.11
2016/11/23,185.46,20.62,76.63,36.99,17.16,93.97,8.8,35.2,744.59,9.84,3.93,101.759,1187.89,47.96,2204.72,9178.23
2016/11/22,183.7,20.71,76.82,36.86,17.09,93.65,8.69,35.48,751.35,9.91,3.95,101.106,1211.87,48.03,2202.94,9133.39
2016/11/21,180.78,20.65,76.37,36.88,17.17,92.98,8.94,34.98,739.25,9.62,3.94,101.113,1213.82,47.49,2198.18,9041.11
2016/11/18,180.84,20.78,76,37.2,17.44,93.36,8.71,34.95,751.59,9.48,3.96,101.283,1207.53,45.69,2181.9,9008.79
2016/11/17,181.21,20.83,74.52,37.1,16.97,92.39,8.46,35.02,740.98,9.99,3.94,100.946,1215.95,45.42,2187.12,8995.26
2016/11/16,181.43,20.87,75.24,37.67,15.81,91.63,7.67,34.84,744.2,10.06,4.02,100.438,1224.77,45.57,2176.94,8962.22
2016/11/15,180.6,20.67,75.4,36.26,15.93,86.19,6.97,34.91,711.62,10.22,3.89,100.25,1228.27,45.81,2180.39,8931.03
2016/11/14,180.73,20.48,75.27,36.39,15.93,83.64,6.79,34.48,705.02,9.97,3.88,100.12,1220.83,43.32,2164.2,8940.4
2016/11/11,181.73,20.54,75.94,36.88,15.86,87.97,6.69,34.61,716.41,10.29,3.82,99.05,1226.78,43.41,2164.45,8957.76
2016/11/10,186.75,20.61,76.32,37.27,17.29,67.77,6.3,34.5,715.53,10.52,3.82,98.774,1258.56,44.66,2167.48,9152.18
2016/11/9,184.34,20.01,75.57,37.01,17.45,69.96,6.94,34.75,723.27,10.66,3.86,98.529,1277.63,45.27,2163.26,8943.2
2016/11/8,188.73,20.31,77.98,37.81,18.29,71.16,7,34.74,709.85,10.83,3.84,97.86,1275.19,44.98,2139.56,9217.43
2016/11/7,187.74,20.28,78.43,37.75,17.24,71.27,6.96,34.69,703.13,10.81,3.84,97.793,1281.21,44.89,2131.52,9189.84
2016/11/4,184.8,20.05,78.77,37.75,17.34,67.57,6.56,33.61,703.23,11.09,3.88,97.088,NA,44.07,2085.18,9068.15
2016/11/3,185.06,20.11,78.47,37.46,19.08,67.96,6.7,33.93,688.7,10.8,3.86,97.196,1304.21,44.66,2088.66,9067.27
2016/11/2,186.66,20.15,78.98,37.61,NA,68.76,6.76,34.6,740.83,10.75,4.1,97.414,1302.16,45.34,2097.94,9139.04
2016/11/1,188.69,20.37,80.79,37.8,NA,69.05,7.09,34.52,729.79,10.77,4.09,97.697,1296.52,46.67,2111.72,9272.7
2016/10/31,188.59,20.27,81.37,37.89,NA,71.16,7.23,34.87,700.97,11,3.99,98.422,1287.62,46.86,2126.15,9290.12
2016/10/28,189.36,20.49,80.95,37.6,NA,70.56,7.2,34.74,689.65,11.09,3.97,98.342,1275.06,48.7,2126.41,9306.92
2016/10/27,189.31,20.74,80.12,37.62,NA,70.68,7.11,34.81,688.31,11.5,4.02,98.879,1267.99,49.72,2133.04,9299.55
2016/10/26,191.22,20.93,80.64,37.72,NA,72.16,7.29,34.92,678.3,11.53,3.96,98.611,1266.64,49.18,2139.43,9362.25
2016/10/25,192.22,20.94,79.96,37.99,NA,71.87,7.5,35.1,657.59,11.41,3.9,98.682,1273.35,49.96,2143.16,9385.65
2016/10/24,190.67,21.39,78.78,38.41,NA,70.71,7.01,35.26,653.76,11.97,3.87,98.752,1263.95,50.52,2151.33,9322.5
2016/10/21,190.29,21.46,78.68,37.48,NA,67.54,6.52,35.15,632.83,12.18,3.81,98.686,1265.85,50.85,2141.16,9306.57
2016/10/20,189.98,21.72,76.88,37.56,NA,67.73,6.96,35.43,630.86,12.1,3.78,98.314,1265.24,50.43,2141.34,9317.24
2016/10/19,188.93,21.63,75.96,37.44,13.18,66.47,6.77,35.51,630.52,12.02,3.8,97.94,1268.84,51.6,2144.29,9283.99
2016/10/18,186.52,22.39,76.04,37.55,13.39,66.61,6.73,37.75,637.96,12.59,3.84,97.897,1261.98,50.29,2139.6,9222.58
2016/10/17,186.18,21.12,76.18,37.1,12.28,65.61,6.67,37.29,639.19,12.01,3.91,97.878,1255.32,49.94,2126.5,9176.22
2016/10/14,187.85,20.66,76.61,37.23,11.86,65.99,6.75,37.45,640.38,11.94,3.9,97.997,1250.91,50.35,2132.98,9165.17
2016/10/13,188.45,21.1,76.24,37.86,12.2,65.35,6.49,36.97,636.79,11.96,3.91,97.518,1257.71,50.44,2132.55,9219.17
2016/10/12,188.09,21.07,75.9,37.84,12.12,66.43,6.62,37.13,636.19,11.93,3.76,97.962,1254.84,50.18,2139.18,9252.6
2016/10/11,188.85,21.84,76.3,37.95,12.48,66.13,6.5,37.27,641.07,11.79,3.82,97.692,1252.27,50.79,2136.73,9219.82
2016/10/7,187.12,23.28,77.06,39.05,13.3,66.85,6.75,38.1,617.12,12.67,3.86,96.654,1256.22,49.81,2153.74,9265.81
2016/10/6,186.34,23.5,77.15,38.98,13.59,67.34,6.96,38.07,613.02,12.85,3.85,96.772,1253.88,50.44,2160.77,9284.31
2016/10/5,185.38,23.6,76.7,38.98,12.61,68.23,6.78,37.99,612.51,13.04,3.84,96.114,1266.32,49.83,2159.73,9272.28
2016/10/4,186.18,23.79,76.16,38.53,11.87,68.3,6.97,37.54,610.2,13.28,3.82,96.125,1268.05,48.69,2150.49,9287.77
2016/10/3,185.7,23.21,76.07,38.58,11.62,68.45,6.95,37.66,612.13,13.45,3.84,95.587,1311.3,48.81,2161.2,9234.2
2016/9/30,183.99,23.64,75.95,38.66,11.86,68.52,6.91,37.75,609.73,13.22,3.84,95.385,1315.93,48.24,2168.27,9166.85
2016/9/29,186.3,23.95,76.98,38.94,11.95,67.4,6.67,37.32,605.69,13.07,3.85,95.472,1320.21,47.83,2151.13,9270.9
2016/9/26,183.82,24.27,77.15,39.18,10.86,64.34,6.32,36.65,608.04,12.82,3.86,95.21,1337.91,45.93,2146.1,9194.52
2016/9/23,186.42,24.25,78.34,39.27,9.84,64.95,6.55,37.19,602.84,13.33,3.81,95.392,1337.41,44.48,2164.69,9284.62
2016/9/22,184.88,23.96,78.26,39.37,9.52,65.02,6.37,37.55,596.3,13.25,3.77,95.381,1336.97,46.32,2177.18,9235.26
2016/9/21,183,24.17,76.57,39.26,9.55,64.86,6.29,37.45,597.15,13.77,3.84,95.665,1334.87,45.34,2163.12,9228.5
2016/9/20,182.68,24.32,76.65,38.86,9.54,63.09,6.17,37.14,608.31,14.43,3.84,95.976,1314.75,43.44,2139.76,9161.58
2016/9/19,181.09,24.54,76.34,39.03,9.54,63.67,6.16,37.16,609.23,13.19,3.83,95.77,1313.13,43.3,2139.12,9152.88
2016/9/14,174.01,24.66,74.6,39.09,9.38,60.4,6.04,35.62,610.68,11.92,3.83,95.322,1322.85,43.58,2125.77,8902.3
2016/9/13,175.24,24.85,75.01,39.32,9.28,59.87,5.74,35.61,609.24,11.92,3.82,95.645,1319,44.9,2127.02,8940.83
2016/9/12,175.54,24.15,75.52,39.54,9.34,60.75,5.94,36.08,608.24,11.89,3.82,95.088,1327.52,46.29,2159.04,8947.06
2016/9/10,177.57,24.84,75.99,39.58,9.38,NA,NA,NA,623.51,12.17,3.97,NA,NA,NA,NA,9053.69
2016/9/9,180.14,25.62,76.57,40.18,9.86,59.52,5.9,35.44,622.86,11.65,3.97,95.328,1328.04,45.88,2127.81,9164.88
2016/9/8,183.29,25.87,77.14,39.63,9.41,62.64,6.23,36.44,626.32,11.35,3.99,95.051,1338.34,47.62,2181.3,9262.89
2016/9/7,183.11,25.41,77.08,39.52,9.02,62.19,6.84,36.46,614.54,11.55,3.97,94.951,1345.11,45.5,2186.16,9259.07
2016/9/6,176.04,25.05,76.98,39.54,8.93,63.12,7.34,36.57,610.44,11.69,3.97,94.823,1349.79,44.83,2186.48,9181.85
2016/9/5,174.54,24.68,75.61,39.98,8.98,NA,NA,NA,606.59,11.72,3.98,95.844,1326.85,45.07,NA,9090.13
2016/9/2,172.85,24.66,75.76,40.02,9.05,62.53,7.51,36.08,575.54,12.11,3.82,95.844,1324.83,44.44,2179.98,8987.55
2016/9/1,171.88,24.97,74.89,40.07,8.99,63.15,7.35,36.02,572.3,11.99,3.83,95.66,1313.7,43.16,2170.86,9001.15
2016/8/31,174.47,25.07,74.35,40.1,8.96,61.34,7.4,35.89,575.47,11.67,3.8,96.012,1308.84,44.7,2170.95,9068.85
2016/8/30,174.81,25.16,74.47,40.13,9.1,61.63,7.49,35.7,577.5,11.23,3.8,96.041,1311.07,46.35,2176.12,9110.56
2016/8/29,175.65,24.76,74.58,40.28,9.1,61.99,7.59,35.55,574.11,10.98,3.76,95.543,1323.32,46.98,2180.38,9110.17
2016/8/26,176.45,23.98,74.95,40.7,9.17,62.03,7.67,35.26,579.65,11.3,3.83,95.542,1321.24,47.64,2169.04,9131.72
2016/8/25,176.16,23.87,74.82,40.44,8.96,61.53,7.47,35.09,577.76,11.36,3.8,94.743,1321.87,47.33,2172.47,9115.47
2016/8/24,174.16,22.44,74.61,40.78,8.89,61.94,7.43,35.15,580.18,11.04,3.86,94.747,1324.07,46.77,2175.44,9017.38
2016/8/23,174.33,22.52,74.88,43.69,8.83,62.91,7.67,35.4,583.41,11.03,3.93,94.494,1337.47,48.1,2186.9,9030.93
2016/8/22,172.58,22.34,74.8,43.71,8.87,62.52,7.58,35.36,586.75,11.12,3.66,94.499,1338.97,47.05,2182.64,8981.81
2016/8/19,175.21,22.27,76.5,43.79,8.97,62.26,7.62,35.24,575.63,10.75,3.6,94.483,1341.62,48.52,2183.87,9034.27
2016/8/18,175.53,22.4,77.3,44.03,8.94,62.1,7.04,34.97,574.32,10.76,3.61,94.137,1352.17,48.22,2187.02,9122.5
2016/8/17,176.76,22.09,78.1,43.7,8.94,61.15,6.68,35.02,573.22,10.75,3.6,94.69,1348.55,46.79,2182.22,9117.7
2016/8/16,176.26,21.67,79.22,44.12,8.9,62.6,6.78,35.21,577.44,11.14,3.64,94.764,1345.92,46.58,2178.15,9110.36
2016/8/15,178.49,21.93,79.46,44.28,8.9,62.98,6.95,34.91,567.24,11.22,3.58,95.594,1339.29,45.74,2190.15,9148.51
2016/8/12,177.79,22.09,79.8,44.62,8.95,63.04,6.73,34.57,587.56,11.78,3.71,95.682,1336.07,44.49,2184.05,9150.39
2016/8/11,176.57,22.61,80.27,43.71,9.01,59.7,6.58,34.68,589.12,11.69,3.74,95.838,1338.72,43.49,2185.79,9131.83
2016/8/10,178.87,23.36,78.44,43.45,9.2,58.51,6.49,34.53,592.1,12.14,3.72,95.608,1346.62,41.71,2175.49,9200.42
2016/8/9,178.8,23.39,77.74,44.55,8.89,58.89,6.6,34.92,587.8,12.24,3.76,96.132,1340.6,42.77,2181.74,9155.08
2016/8/8,177.47,23.49,77.64,44.95,8.93,58.74,6.68,35.04,591.05,11.25,3.79,96.34,1335.23,43.02,2180.89,9150.26
2016/8/5,176.55,22.98,78.04,45.1,9.25,58.2,6.61,34.98,575.04,10.93,3.73,96.136,1335.45,41.8,2182.87,9092.12
2016/8/4,173.66,23.19,78.63,45.15,9.48,57.23,6.47,34.58,578.29,11.04,3.75,95.717,1361.1,41.93,2164.25,9024.71
2016/8/3,172.98,23.18,78.12,45.14,9.3,56.19,6.3,34.25,566.35,10.29,3.72,95.525,1358.19,40.83,2163.79,9001.71
2016/8/2,176.19,23.18,77.9,45.14,9.37,56.04,6.26,34.56,547.47,8.79,3.64,94.988,1363.54,39.51,2157.03,9068.76
2016/8/1,176.13,23.13,77.63,44.04,9.48,56.73,6.64,34.85,606.27,10.94,3.86,95.677,1353.03,40.06,2170.84,9080.71
2016/7/29,174.27,23.61,76.85,43.89,9.14,57.1,6.86,34.86,656.99,12.79,4.08,95.491,1350.81,41.6,2173.6,8984.41
2016/7/28,175.49,24.18,77.87,43.92,9.07,56.18,6.82,34.77,655.03,12.84,3.97,96.721,1335.69,41.14,2170.06,9076.64
2016/7/27,174.99,23.3,78.59,44.3,8.97,56.06,6.85,34.83,654.35,12.97,3.96,97.042,1339.8,41.92,2166.58,9063.39
2016/7/26,172.11,23.69,76.94,44.62,8.91,56.63,6.98,35.09,651.78,11.99,3.97,97.168,1320.23,42.92,2169.18,9024.79
2016/7/25,170.91,22.46,76.95,44.93,9.03,55.68,6.7,34.69,654.1,13.84,4.03,97.326,1315.48,43.13,2168.48,8991.67
2016/7/22,171.33,22.7,77.27,44.21,8.84,54.67,5.84,34.66,650.62,14.66,4.04,97.516,1322.23,44.19,2175.03,9013.14
2016/7/21,171.33,21.58,76.01,44.26,8.91,53.22,5.22,34.27,665.01,12.65,4.12,97.046,1331.04,44.75,2165.17,9056.56
2016/7/20,169.76,21.23,74.21,44.98,8.94,54.22,5.41,35.69,665.68,12.45,4.13,97.263,1315.85,44.94,2173.02,9007.68
2016/7/19,169.87,21.63,73.38,43.88,9.01,53.52,5.41,35.15,672.86,11.62,4.15,97.108,1331.97,44.65,2163.78,9034.87
2016/7/18,169.09,21.28,73.17,42.21,8.85,52.97,5.51,35.05,673.11,11.03,4.15,96.587,1328.75,45.24,2166.89,9008.21
2016/7/15,168.31,21.19,73.04,42.17,8.73,52.7,5.14,35.07,663.26,11.95,4.16,96.563,1337.26,45.95,2161.74,8949.85
2016/7/14,168.67,21.69,73.23,41.95,8.92,53.32,5.17,35.2,658.08,11.51,4.15,96.1,1335.05,45.68,2163.75,8866.36
2016/7/13,168.37,21.54,73.38,41.51,9.28,52.78,5.09,35.01,654.47,10.5,4.14,96.208,1342.57,44.75,2152.43,8857.75
2016/7/12,170.37,21.94,73.95,41.7,8.95,52.8,5.14,34.94,664.55,10.52,4.15,96.487,1333.1,46.8,2152.14,8841.46
2016/7/11,169.67,21.74,74.18,40.3,8.52,52.02,5.01,34.38,647.66,10.46,4.09,96.59,1355.3,44.76,2137.16,8786.47
2016/7/7,164.04,22.28,74.23,40.32,8.08,48.89,5.02,33.2,640.56,10.11,4.11,96.383,1360.22,45.14,2097.9,8640.91
2016/7/6,161.3,20.08,74.16,40.33,8.13,47.65,5.04,32.97,677.33,10.53,4.47,96.131,1363.69,47.43,2099.73,8575.75
2016/7/5,164.27,21.02,75.27,40.55,7.73,47.35,4.96,32.68,670.63,10.61,4.45,96.259,1356.32,46.6,2088.55,8716.07
2016/7/4,165.69,20.57,74.34,40.69,7.76,NA,NA,NA,683.66,11.47,4.54,95.714,1350.73,48.65,NA,8760.58
2016/7/1,165.19,20.21,75.17,39.95,7.62,46.66,5.07,32.75,676.3,12.2,4.26,95.714,1341.71,48.99,2102.95,8738.24
2016/6/30,161.4,20.73,73.3,39.98,7.68,47.01,5.14,32.8,673.34,12.46,4.19,96.203,1322.15,48.33,2098.86,8666.58
2016/6/29,158.98,20.53,73.76,39.95,7.71,46.65,5.13,31.93,639.89,12.61,4.06,95.807,1319.05,49.88,2070.77,8586.56
2016/6/28,156.33,19.96,71.81,39.81,7.77,45.9,5.12,31.19,647,12.18,4.1,96.331,1311.69,47.85,2036.09,8505.51
2016/6/27,155.29,20.45,71.16,39.72,7.62,45.24,4.72,30.72,655.28,13.88,4.12,96.703,1324.37,46.33,2000.54,8458.87
2016/6/24,159.26,20.15,71.09,40.16,7.76,45.73,4.88,31.55,665.3,14.33,4.28,95.574,1315.3,47.64,2037.41,8476.99
2016/6/23,164.45,19.23,72.94,40.57,7.59,48.49,5.21,32.99,623.98,13.68,3.85,93.527,1256.75,50.11,2113.32,8676.68
2016/6/22,164.86,18.65,73.3,40.83,7.78,47.23,5.02,32.29,596.12,13.1,3.91,93.758,1266.1,49.13,2085.45,8716.25
2016/6/21,164.82,18.75,73.34,40.97,7.77,47.27,5.45,32.32,666.65,13.31,4.82,94.061,1268.06,48.85,2088.9,8684.85
2016/6/20,163.94,18.86,72.11,40.6,7.65,47.56,5.1,32.17,737.23,11.84,5.29,93.684,1289.78,49.37,2083.25,8625.92
2016/6/17,163.35,19.18,71.61,40.66,7.63,46.72,5.26,31.76,748.91,15.38,5.59,94.34,1298.73,47.98,2071.22,8568.08
2016/6/16,160.8,19.55,70.91,40.68,7.62,47.55,4.75,31.69,766.31,20.59,5.66,94.706,1278.45,46.21,2077.99,8494.14
2016/6/15,162.41,19.17,71.63,40.75,7.62,47.36,4.42,31.61,694.47,18.35,5.24,94.68,1291.75,48.01,2071.5,8606.37
2016/6/14,162.05,18.41,72.31,40.61,7.39,46.88,4.39,32.14,685.56,18.89,5.2,95.04,1285.53,48.49,2075.32,8576.12
2016/6/13,161.71,18.28,72.25,40.84,7.56,46.79,4.4,32.17,704.38,17.6,5.29,94.399,1283.76,48.88,2079.06,8536.22
2016/6/8,165.02,18.58,75.5,41.47,8.06,46.18,4.46,31.89,581.65,14.42,4.75,93.58,1262.64,51.23,2119.12,8715.48
2016/6/7,162.4,18.38,75.91,42.08,7.78,46.33,4.51,31.88,576.6,14.51,4.77,93.832,1243.63,50.36,2112.13,8679.9
2016/6/6,160.96,18.45,74.14,40.16,8.48,46.24,4.47,31.68,585.54,13.93,4.96,93.89,1245.21,49.69,2109.41,8597.11
2016/6/4,159.77,18.53,73.51,39.97,7.75,NA,NA,NA,572.73,13.74,4.81,NA,NA,NA,NA,8591.57
2016/6/3,160.04,18.74,73.26,40.23,7.32,46.48,4.16,31.62,569.19,13.85,4.86,94.028,1244.25,48.62,2099.13,8587.36
2016/6/2,159.1,19.26,74.09,40.6,7.21,47.14,4.24,31.76,537.97,13.74,4.72,95.566,1211.01,49.17,2105.26,8556.02
2016/6/1,158.12,19.13,74.93,41.25,7.23,46.81,4.43,31.66,536.92,14,4.74,95.456,1212.93,49.01,2099.33,8597.16
2016/5/31,156.3,19.06,74.56,41.09,7.23,46.72,4.57,31.59,531.39,14.08,4.65,95.878,1215.15,49.1,2096.95,8535.59
2016/5/30,156.64,18.7,74.02,40.88,7.25,NA,NA,NA,533.86,12.73,4.67,95.5,1205,49.51,NA,8535.87
2016/5/27,155.77,18.7,73.75,40.89,7.29,45.9,4.6,31.57,473.46,11.3,4.5,95.5,1212.83,49.33,2099.06,8463.61
2016/5/26,154.55,18.71,73.76,40.92,7.25,45.65,4.35,31.49,453.38,12.43,4.08,95.162,1219.74,49.48,2090.1,8394.12
2016/5/25,153.67,18.91,74.84,40.51,7.04,45.17,4.18,31.39,449.6,12.53,4.05,95.34,1224.14,49.56,2090.54,8396.2
2016/5/24,152.07,19.09,72.08,40.1,7.17,45.36,4.2,31.06,445.98,12.73,3.95,95.576,1227.14,48.62,2076.06,8300.66
2016/5/23,152.68,19.07,72.17,40.49,7.16,44.4,4.04,30.23,444.15,13.46,3.97,95.216,1248.93,48.08,2048.04,8344.44
2016/5/20,148.43,18.94,70.92,40.11,7.03,44.33,3.87,30.15,442.68,13.64,3.88,95.343,1252.19,47.75,2052.32,8131.26
2016/5/19,146.77,18.86,71.72,40.26,7.09,43.55,3.77,29.63,438.71,14.77,3.83,95.294,1254.55,48.16,2040.04,8095.98
2016/5/18,146.34,18.44,70.79,39.77,7.01,43.36,3.84,29.99,454.62,13.56,4,95.063,1258.47,48.19,2047.63,8159.68
2016/5/17,146.18,18.39,70.89,40.03,6.81,42.28,3.79,29.98,453.78,12.2,3.98,94.531,1278.84,48.31,2047.21,8140.48
2016/5/16,144.51,18.7,70.62,40.02,6.78,42.19,3.79,30.39,454.16,11.17,4.01,94.55,1274.2,47.72,2066.66,8067.6
2016/5/13,144.1,18.97,69.39,40.11,7,40.98,3.67,29.91,455.67,10.51,3.93,94.593,1273.12,46.21,2046.61,8053.69
2016/5/12,146.85,19.16,70.44,40.39,6.96,35.57,3.59,29.76,454.77,10.06,3.86,94.128,1263.66,46.7,2064.11,8108.05
2016/5/11,147.52,19.4,71.18,41.38,6.46,36.06,3.65,30.06,452.73,10,3.88,93.79,1277.34,46.23,2064.46,8135.56
2016/5/10,147.23,19.26,70.1,41.75,6.13,35.96,3.64,30.14,450.89,9.36,3.82,94.267,1265.75,44.66,2084.39,8156.29
2016/5/9,147.44,19.41,69.18,42.74,6.14,35.28,3.65,29.8,460.48,9.3,4.06,94.115,1263.79,43.44,2058.69,8131.83
2016/5/6,147.82,19.32,69.02,43.75,6.93,35.33,3.68,30.04,459.6,9.35,3.82,93.883,1287.72,44.66,2057.14,8146.43
2016/5/5,147.34,19.16,72.93,44.66,7.58,34.97,3.66,29.9,447.98,9.83,3.71,93.78,1277.68,44.32,2050.63,8167.96
2016/5/4,147.36,18.85,73.96,44.55,7.85,34.76,3.6,29.85,446.72,9.41,3.75,93.187,1279.6,43.78,2051.12,8185.47
2016/5/3,147.44,19.18,74.07,43.76,8.13,35.57,3.6,30.36,450.3,9.31,3.74,92.931,1286.53,43.65,2063.37,8294.12
2016/4/29,150.01,19.18,75.53,44.42,8.5,35.53,3.55,30.28,455.1,7.46,3.81,93.054,1292.87,45.92,2065.3,8377.9
2016/4/28,154.15,19.17,76.37,44.35,8.51,36.2,3.61,31.11,449.01,7.17,3.79,93.727,1266.17,46.03,2075.81,8473.87
2016/4/27,156.57,19.41,77.28,44.81,8.5,37.31,3.73,31.75,444.69,7.76,3.89,94.367,1245.78,45.33,2095.15,8563.05
2016/4/26,157.59,19.48,76.25,45.3,8.67,36.48,3.66,31.4,466.09,7.4,4.05,94.543,1243.3,44.04,2091.7,8581.57
2016/4/25,157.13,19.21,76.16,44.65,8.8,36.45,3.45,31.39,461.43,7.55,3.81,94.801,1237.77,42.64,2087.79,8560.28
2016/4/22,156.83,19.25,77.33,44.7,8.61,36.27,3.99,31.64,445.74,7.82,3.32,95.08,1232.54,43.73,2091.58,8535.75
2016/4/21,156.1,19,77.63,45.58,8.48,36.41,2.62,31.97,449.42,8.1,3.35,94.574,1248.01,43.18,2091.48,8568.65
2016/4/20,155.32,19.13,79.43,46.13,8.49,36.45,2.7,32,441.39,8.47,3.28,94.471,1244.22,42.63,2102.4,8514.48
2016/4/19,158.5,18.88,80.71,46.97,8.66,36.31,2.62,31.6,435.51,8.71,3.29,93.947,1250.12,41.08,2100.8,8633.72
2016/4/18,157.79,18.12,81.02,46.15,8.63,36.97,2.76,31.65,428.59,9.04,3.24,94.46,1232.5,39.78,2094.34,8666.01
2016/4/15,158.35,17.96,80.64,45.1,8.52,37.13,2.7,31.46,429.71,8.24,3.28,94.686,1233.85,40.36,2080.73,8700.39
2016/4/14,160.9,17.97,82.21,43.92,8.58,36.84,2.72,31.8,424.28,8.39,3.24,94.908,1227.79,41.5,2082.78,8667.71
2016/4/13,161.02,17.54,81.88,42.93,8.59,36.74,2.8,32.13,423.73,8.04,3.24,94.762,1242.4,41.76,2082.42,8652.08
2016/4/12,158.34,17.62,81.74,42.63,8.6,35.84,2.81,31.86,425.19,7.44,3.26,93.945,1255.41,42.17,2061.72,8531.18
2016/4/11,157.54,17.75,82.86,43.16,8.58,35.88,2.76,31.67,422.48,8.64,3.24,93.942,1257.74,40.36,2041.99,8562.59
2016/4/8,156.84,18.66,82.26,43.41,8.58,35.66,2.74,31.63,420.35,9.72,3.22,94.252,1238.84,39.72,2047.6,8541.5
2016/4/7,153.81,18.8,84.01,43.44,8.58,35.43,2.64,31.55,422.74,10.07,3.25,94.504,1240.33,37.26,2041.91,8490.25
2016/4/6,154.29,17.99,83.56,43.05,8.55,35.8,2.8,32.08,423.41,10.69,3.26,94.441,1222.27,37.75,2066.66,8513.3
2016/4/1,158.93,18.42,84.64,42.24,8.24,36.15,2.83,32.45,417.96,11.66,3.24,94.618,1222.62,36.79,2072.78,8657.55
2016/3/31,161.19,18.9,84.56,42.49,8.34,35.63,2.85,32.35,416.73,11.4,3.26,94.578,1232.43,38.34,2059.74,8744.83
2016/3/30,160.36,19.13,84.49,42.71,8.32,35.76,2.86,32.71,414.82,11.95,3.22,94.819,1224.9,38.32,2063.95,8737.04
2016/3/29,158.68,19.41,82.63,42.84,8.62,35.39,2.86,32.38,416.52,11.66,3.23,95.146,1241.87,38.28,2055.01,8617.35
2016/3/28,158.52,19.97,83.49,44.12,8.98,34.83,2.78,31.9,424.23,11.67,3.26,95.94,1221.55,39.39,2037.05,8690.45
2016/3/25,157.48,20.27,85.9,44.4,8.74,NA,NA,NA,417.18,10.74,3.23,NA,NA,NA,NA,8704.97
2016/3/24,157.75,19.94,88.49,44.57,9.07,34.48,2.79,31.88,416.39,11.23,3.22,96.173,1216.72,39.46,2035.94,8743.38
2016/3/23,159.08,20.02,87.24,44.62,9.05,34.43,2.68,32,418.04,12.42,3.24,96.064,1216.81,39.79,2036.71,8766.09
2016/3/22,158,20.4,85.35,44.93,9.14,33.85,2.79,32.32,418.09,11.27,3.23,95.644,1219.99,41.45,2049.8,8785.68
2016/3/21,159.26,20.58,86.27,44.48,9.33,33.91,2.8,32.34,413.31,11.86,3.2,95.304,1248.15,39.91,2051.6,8812.7
2016/3/18,159.2,20.01,86.35,44.6,9.49,33.81,2.93,32.68,409.55,11,3.17,95.12,NA,39.44,2049.58,8810.71
2016/3/17,159.02,20.17,85.95,44.99,9.56,32.82,2.8,31.98,420.62,11.08,3.31,94.801,1255.2,40.2,2040.59,8734.54
2016/3/16,155.29,19.98,85.84,44.96,9.66,33.1,2.63,31.69,417.01,12.52,3.31,95.925,1257.78,38.46,2027.22,8699.14
2016/3/15,154.89,20.12,85.1,45.02,9.2,32.14,2.49,31.65,416.83,13.01,3.31,96.668,1262.38,36.34,2015.93,8611.18
2016/3/14,156.48,20.5,88.55,46.4,9.5,32.3,2.72,31.43,416.44,12.45,3.3,96.521,1232.29,37.18,2019.64,8747.9
2016/3/11,154.57,20.47,87.75,45.83,9.44,32.22,2.52,31.76,421.69,11.08,3.38,96.172,1250.6,38.5,2022.19,8706.14
2016/3/10,153.35,21.34,88.09,47.36,9.45,31.68,2.26,31.25,417.13,11.31,3.29,96.055,1272.15,37.84,1989.57,8660.7
2016/3/9,151.78,20.92,87.43,46.4,9.76,31.73,2.26,30.87,414.86,11.9,3.28,97.159,1253.02,38.29,1989.26,8634.11
2016/3/8,150.75,21.09,86.67,43.32,9.72,31.75,2.3,30.56,413.97,9.85,3.25,97.206,1261.34,36.5,1979.26,8664.31
2016/3/7,151.99,21.35,88.24,42.73,9.04,32.34,2.47,30.94,414.32,9.55,3.27,97.084,1267.17,37.9,2001.76,8659.55
2016/3/4,152.49,21.45,87.46,42.32,9.31,32.55,2.37,30.63,410.94,10.41,3.25,97.343,1259.23,35.92,1999.99,8643.55
2016/3/3,153.75,21.41,88.37,42.32,8.59,32.65,2.46,30.58,421.65,9.29,3.32,97.601,1264.13,34.57,1993.4,8611.79
2016/3/2,153.69,21.61,88.57,42.54,7.93,32.94,2.32,30.54,423.99,8.47,3.37,98.225,1239.92,34.66,1986.45,8544.05
2016/3/1,150.69,21.54,88.13,41.98,7.27,32.75,2.18,30.37,435.12,7.65,3.43,98.365,1232.06,34.4,1978.35,8485.69
2016/2/26,148.92,22.19,82.41,41.2,7.24,31.68,2.07,29.8,432.15,5.92,3.42,98.175,1222.31,32.78,1948.05,8411.16
2016/2/25,149.93,22.82,83.23,41.43,7.32,31.89,2.03,29.62,424.54,6.1,3.37,97.282,1232.95,33.07,1951.7,8365.86
2016/2/24,148.52,22.72,83.71,41.6,7.22,31.82,2.02,29.19,424.95,6.24,3.37,97.464,1228.69,32.15,1929.8,8282.86
2016/2/23,149.57,22.67,82.11,42.04,7.22,31.6,1.97,28.8,420.74,5.59,3.4,97.485,1225.59,31.87,1921.27,8334.64
2016/2/22,150.91,23.08,81.64,42.99,7.24,31.52,2.01,29.35,437.75,5.62,3.48,97.388,1208.65,31.48,1945.5,8326.68
2016/2/19,150.05,24.24,80.52,43.16,7.07,30.44,1.91,28.71,420.79,4.74,3.25,96.604,1226.25,29.64,1917.78,8325.04
2016/2/18,150.37,22.18,74.6,42.87,7.16,30.04,1.91,29.42,422.37,4.4,3.25,96.96,1230.79,30.77,1917.83,8314.67
2016/2/17,148.12,21.96,74.46,41.87,7.2,27.66,1.9,29.47,416.32,3.76,3.24,96.8,1208.41,30.66,1926.82,8214.25
2016/2/16,146.72,22.15,72.1,40.53,7.03,26.99,1.83,28.78,407.49,4.32,3.21,96.875,1200.33,29.04,1895.58,8212.07
2016/2/15,144.66,22.08,68.21,39.54,6.88,NA,NA,NA,400.18,5.29,3.18,95.982,1208.88,30.6,NA,8066.51
2016/2/3,145.34,21.52,65.43,39.23,6.79,28.2,2.07,29.34,369.95,2.53,3.05,97.301,1142.45,32.28,1912.53,8063
2016/2/2,142.7,20.94,65.74,39.32,6.72,28.06,1.99,29.8,374.45,2.44,3.08,98.893,1129,29.88,1903.03,8131.24
2016/2/1,143.24,21.13,67.09,39.2,6.7,29.3,2.14,30.82,373.06,2.21,3.08,99.028,1128.37,31.62,1939.38,8156.96
2016/1/30,141.91,21.29,65.43,39.5,6.98,NA,NA,NA,378.26,2.45,3.08,NA,NA,NA,NA,8145.21
2016/1/29,141.37,21,64.83,38.72,6.92,29.29,2.2,31.02,379.47,2.49,3.11,99.652,1118.08,33.62,1940.24,8080.6
2016/1/28,139.32,20.58,63.76,38.04,6.93,28.05,2.08,29.97,380.29,2.53,3.12,98.539,1115.17,33.22,1893.36,7905.1
2016/1/27,139.22,20.51,61.67,38.34,6.78,28.36,2.13,29.81,394.97,2.39,3.29,98.954,1124.95,32.3,1882.95,7849.83
2016/1/26,137.99,20.31,61.04,37.82,6.88,28.7,2.07,29.94,392.15,2.28,3.15,99.133,1119.78,31.45,1903.63,7828.67
2016/1/25,139.67,19.95,61.71,38.47,6.61,28.42,2.12,29.6,391.73,2.5,3.13,99.406,1107.86,30.34,1877.08,7894.15
2016/1/22,137.29,19.85,60.32,37.91,6.45,28.45,2.02,29.93,382.49,1.5,3.08,99.651,1097.88,32.19,1906.9,7756.18
2016/1/21,135.18,19.9,60.12,37.72,6.41,27.8,2.09,29.66,410.26,1.55,3.22,99.128,1101.16,29.53,1868.99,7664.01
2016/1/20,135.08,20,60.25,38.3,6.36,27.48,1.8,29.59,420.23,1.53,3.39,99.174,1100.71,26.55,1859.33,7699.12
2016/1/19,136.92,20.23,61.21,38.46,6.57,27.33,1.95,29.8,380.15,1.37,3.02,99.036,1087.02,28.46,1881.33,7854.88
2016/1/18,136.58,19.43,60.45,37.46,6.33,NA,NA,NA,387.17,1.43,3.05,99.02,1089.14,30.02,NA,7811.18
2016/1/15,136.99,19.67,59.85,36.46,6.58,27.11,2.03,29.76,364.33,1.21,3,99.02,1088.72,29.42,1880.33,7762.01
2016/1/14,131.09,19.72,59.2,36.49,6.67,28.67,2.21,32.74,430.31,1.19,3.47,99.155,1078.26,31.2,1921.84,7742.88
2016/1/13,133.76,20.03,60.11,37.48,6.84,29.26,2.25,31.91,432.37,1.13,3.48,98.978,1093.5,30.48,1890.28,7824.61
2016/1/12,132.55,20.48,60.55,37.68,6.97,30.18,2.39,32.68,435.69,1.14,3.49,99.024,1086.37,30.44,1938.68,7768.45
2016/1/11,132.49,20.74,61.51,37.63,6.94,29.68,2.34,32.06,448.43,1.06,3.56,98.784,1094.21,31.41,1923.67,7788.42
2016/1/8,133.4,20.33,63.19,37.79,7.04,29.63,2.14,31.51,453.23,0.986789,3.57,98.599,1104.37,33.16,1922.03,7893.97
2016/1/7,132.85,19.71,63.75,37.6,7.01,30.28,2.28,31.84,458.05,0.942005,3.6,98.272,1108.95,33.27,1943.09,7852.06
2016/1/6,135.9,20.08,66.52,39.31,7.09,31.53,2.51,33.08,429.11,0.95086,3.45,99.266,1093.48,33.97,1990.26,7990.39
2016/1/5,138.42,20.21,64.64,39.88,7.14,32.89,2.75,33.83,431.96,0.950176,3.47,99.496,1077.53,35.97,2016.71,8075.11
2016/1/4,140.13,21.06,66.66,39.39,6.89,32.37,2.77,33.99,433.09,0.95448,3.5,98.968,1074.49,36.76,2012.66,8114.26
